<?xml version="1.0" encoding="utf-8"?><TrainingCenterDatabase
xsi:schemaLocation="https://www.garmin.com/xmlschemas/TrainingCenterDatabase/v2 https://www.garmin.com/xmlschemas/TrainingCenterDatabasev2.xsd"
xmlns:ns5="https://www.garmin.com/xmlschemas/ActivityGoals/v1"
xmlns:ns3="https://www.garmin.com/xmlschemas/ActivityExtension/v2"
xmlns:ns2="https://www.garmin.com/xmlschemas/UserProfile/v2"
xmlns="https://www.garmin.com/xmlschemas/TrainingCenterDatabase/v2"
xmlns:xsi="https://www.w3.org/2001/XMLSchema-instance" xmlns:ns4="https://www.garmin.com/xmlschemas/ProfileExtension/v1">
<Activities>
<Activity Sport="Other">
  <Id>2026-09-28T11:56:02Z</Id>
    <Lap StartTime="2026-09-28T11:56:02Z ">
      <TotalTimeSeconds>898.6</TotalTimeSeconds>
      <DistanceMeters>2000</DistanceMeters>
      <MaximumSpeed>2.44</MaximumSpeed>
      <Calories>101</Calories>
      <Intensity>Active</Intensity>
      <TriggerMethod>Manual</TriggerMethod>
      <Track>
        <Trackpoint>
          <Time>2026-09-28T11:56:03Z</Time>
          <DistanceMeters>2.3</DistanceMeters>
          <Cadence>0</Cadence>
          <SensorState>Present</SensorState>
          <Extensions>
            <TPX xmlns="https://www.garmin.com/xmlschemas/ActivityExtension/v2">
              <Watts>13</Watts>
            </TPX>
          </Extensions>
        </Trackpoint>
        <Trackpoint>
          <Time>2026-09-28T11:56:07Z</Time>
          <DistanceMeters>10</DistanceMeters>
          <Cadence>13</Cadence>
          <SensorState>Present</SensorState>
          <Extensions>
            <TPX xmlns="https://www.garmin.com/xmlschemas/ActivityExtension/v2">
              <Watts>14</Watts>
            </TPX>
          </Extensions>
        </Trackpoint>
        <Trackpoint>
          <Time>2026-09-28T11:56:11Z</Time>
          <DistanceMeters>16.6</DistanceMeters>
          <Cadence>16</Cadence>
          <SensorState>Present</SensorState>
          <Extensions>
            <TPX xmlns="https://www.garmin.com/xmlschemas/ActivityExtension/v2">
              <Watts>15</Watts>
            </TPX>
          </Extensions>
        </Trackpoint>
        <Trackpoint>
          <Time>2026-09-28T11:56:15Z</Time>
          <DistanceMeters>22.9</DistanceMeters>
          <Cadence>17</Cadence>
          <SensorState>Present</SensorState>
          <Extensions>
            <TPX xmlns="https://www.garmin.com/xmlschemas/ActivityExtension/v2">
              <Watts>17</Watts>
            </TPX>
          </Extensions>
        </Trackpoint>
        <Trackpoint>
          <Time>2026-09-28T11:56:19Z</Time>
          <DistanceMeters>30.7</DistanceMeters>
          <Cadence>12</Cadence>
          <SensorState>Present</SensorState>
          <Extensions>
            <TPX xmlns="https://www.garmin.com/xmlschemas/ActivityExtension/v2">
              <Watts>13</Watts>
            </TPX>
          </Extensions>
        </Trackpoint>
        <Trackpoint>
          <Time>2026-09-28T11:56:23Z</Time>
          <DistanceMeters>37.2</DistanceMeters>
          <Cadence>15</Cadence>
          <SensorState>Present</SensorState>
          <Extensions>
            <TPX xmlns="https://www.garmin.com/xmlschemas/ActivityExtension/v2">
              <Watts>12</Watts>
            </TPX>
          </Extensions>
        </Trackpoint>
        <Trackpoint>
          <Time>2026-09-28T11:56:27Z</Time>
          <DistanceMeters>43.9</DistanceMeters>
          <Cadence>15</Cadence>
          <SensorState>Present</SensorState>
          <Extensions>
            <TPX xmlns="https://www.garmin.com/xmlschemas/ActivityExtension/v2">
              <Watts>13</Watts>
            </TPX>
          </Extensions>
        </Trackpoint>
        <Trackpoint>
          <Time>2026-09-28T11:56:31Z</Time>
          <DistanceMeters>50.7</DistanceMeters>
          <Cadence>15</Cadence>
          <SensorState>Present</SensorState>
          <Extensions>
            <TPX xmlns="https://www.garmin.com/xmlschemas/ActivityExtension/v2">
              <Watts>14</Watts>
            </TPX>
          </Extensions>
        </Trackpoint>
        <Trackpoint>
          <Time>2026-09-28T11:56:35Z</Time>
          <DistanceMeters>57.7</DistanceMeters>
          <Cadence>15</Cadence>
          <SensorState>Present</SensorState>
          <Extensions>
            <TPX xmlns="https://www.garmin.com/xmlschemas/ActivityExtension/v2">
              <Watts>14</Watts>
            </TPX>
          </Extensions>
        </Trackpoint>
        <Trackpoint>
          <Time>2026-09-28T11:56:39Z</Time>
          <DistanceMeters>65</DistanceMeters>
          <Cadence>15</Cadence>
          <SensorState>Present</SensorState>
          <Extensions>
            <TPX xmlns="https://www.garmin.com/xmlschemas/ActivityExtension/v2">
              <Watts>17</Watts>
            </TPX>
          </Extensions>
        </Trackpoint>
        <Trackpoint>
          <Time>2026-09-28T11:56:43Z</Time>
          <DistanceMeters>72.6</DistanceMeters>
          <Cadence>17</Cadence>
          <SensorState>Present</SensorState>
          <Extensions>
            <TPX xmlns="https://www.garmin.com/xmlschemas/ActivityExtension/v2">
              <Watts>22</Watts>
            </TPX>
          </Extensions>
        </Trackpoint>
        <Trackpoint>
          <Time>2026-09-28T11:56:46Z</Time>
          <DistanceMeters>80.2</DistanceMeters>
          <Cadence>16</Cadence>
          <SensorState>Present</SensorState>
          <Extensions>
            <TPX xmlns="https://www.garmin.com/xmlschemas/ActivityExtension/v2">
              <Watts>24</Watts>
            </TPX>
          </Extensions>
        </Trackpoint>
        <Trackpoint>
          <Time>2026-09-28T11:56:50Z</Time>
          <DistanceMeters>87.5</DistanceMeters>
          <Cadence>17</Cadence>
          <SensorState>Present</SensorState>
          <Extensions>
            <TPX xmlns="https://www.garmin.com/xmlschemas/ActivityExtension/v2">
              <Watts>25</Watts>
            </TPX>
          </Extensions>
        </Trackpoint>
        <Trackpoint>
          <Time>2026-09-28T11:56:54Z</Time>
          <DistanceMeters>95.3</DistanceMeters>
          <Cadence>16</Cadence>
          <SensorState>Present</SensorState>
          <Extensions>
            <TPX xmlns="https://www.garmin.com/xmlschemas/ActivityExtension/v2">
              <Watts>25</Watts>
            </TPX>
          </Extensions>
        </Trackpoint>
        <Trackpoint>
          <Time>2026-09-28T11:56:57Z</Time>
          <DistanceMeters>102.6</DistanceMeters>
          <Cadence>18</Cadence>
          <SensorState>Present</SensorState>
          <Extensions>
            <TPX xmlns="https://www.garmin.com/xmlschemas/ActivityExtension/v2">
              <Watts>25</Watts>
            </TPX>
          </Extensions>
        </Trackpoint>
        <Trackpoint>
          <Time>2026-09-28T11:57:01Z</Time>
          <DistanceMeters>109.8</DistanceMeters>
          <Cadence>18</Cadence>
          <SensorState>Present</SensorState>
          <Extensions>
            <TPX xmlns="https://www.garmin.com/xmlschemas/ActivityExtension/v2">
              <Watts>25</Watts>
            </TPX>
          </Extensions>
        </Trackpoint>
        <Trackpoint>
          <Time>2026-09-28T11:57:04Z</Time>
          <DistanceMeters>116.5</DistanceMeters>
          <Cadence>16</Cadence>
          <SensorState>Present</SensorState>
          <Extensions>
            <TPX xmlns="https://www.garmin.com/xmlschemas/ActivityExtension/v2">
              <Watts>24</Watts>
            </TPX>
          </Extensions>
        </Trackpoint>
        <Trackpoint>
          <Time>2026-09-28T11:57:07Z</Time>
          <DistanceMeters>123.9</DistanceMeters>
          <Cadence>18</Cadence>
          <SensorState>Present</SensorState>
          <Extensions>
            <TPX xmlns="https://www.garmin.com/xmlschemas/ActivityExtension/v2">
              <Watts>26</Watts>
            </TPX>
          </Extensions>
        </Trackpoint>
        <Trackpoint>
          <Time>2026-09-28T11:57:11Z</Time>
          <DistanceMeters>130.8</DistanceMeters>
          <Cadence>18</Cadence>
          <SensorState>Present</SensorState>
          <Extensions>
            <TPX xmlns="https://www.garmin.com/xmlschemas/ActivityExtension/v2">
              <Watts>27</Watts>
            </TPX>
          </Extensions>
        </Trackpoint>
        <Trackpoint>
          <Time>2026-09-28T11:57:14Z</Time>
          <DistanceMeters>138.4</DistanceMeters>
          <Cadence>17</Cadence>
          <SensorState>Present</SensorState>
          <Extensions>
            <TPX xmlns="https://www.garmin.com/xmlschemas/ActivityExtension/v2">
              <Watts>29</Watts>
            </TPX>
          </Extensions>
        </Trackpoint>
        <Trackpoint>
          <Time>2026-09-28T11:57:17Z</Time>
          <DistanceMeters>145.5</DistanceMeters>
          <Cadence>18</Cadence>
          <SensorState>Present</SensorState>
          <Extensions>
            <TPX xmlns="https://www.garmin.com/xmlschemas/ActivityExtension/v2">
              <Watts>29</Watts>
            </TPX>
          </Extensions>
        </Trackpoint>
        <Trackpoint>
          <Time>2026-09-28T11:57:21Z</Time>
          <DistanceMeters>153</DistanceMeters>
          <Cadence>17</Cadence>
          <SensorState>Present</SensorState>
          <Extensions>
            <TPX xmlns="https://www.garmin.com/xmlschemas/ActivityExtension/v2">
              <Watts>28</Watts>
            </TPX>
          </Extensions>
        </Trackpoint>
        <Trackpoint>
          <Time>2026-09-28T11:57:24Z</Time>
          <DistanceMeters>160.4</DistanceMeters>
          <Cadence>17</Cadence>
          <SensorState>Present</SensorState>
          <Extensions>
            <TPX xmlns="https://www.garmin.com/xmlschemas/ActivityExtension/v2">
              <Watts>26</Watts>
            </TPX>
          </Extensions>
        </Trackpoint>
        <Trackpoint>
          <Time>2026-09-28T11:57:28Z</Time>
          <DistanceMeters>167.8</DistanceMeters>
          <Cadence>17</Cadence>
          <SensorState>Present</SensorState>
          <Extensions>
            <TPX xmlns="https://www.garmin.com/xmlschemas/ActivityExtension/v2">
              <Watts>26</Watts>
            </TPX>
          </Extensions>
        </Trackpoint>
        <Trackpoint>
          <Time>2026-09-28T11:57:31Z</Time>
          <DistanceMeters>175.3</DistanceMeters>
          <Cadence>17</Cadence>
          <SensorState>Present</SensorState>
          <Extensions>
            <TPX xmlns="https://www.garmin.com/xmlschemas/ActivityExtension/v2">
              <Watts>27</Watts>
            </TPX>
          </Extensions>
        </Trackpoint>
        <Trackpoint>
          <Time>2026-09-28T11:57:35Z</Time>
          <DistanceMeters>182.7</DistanceMeters>
          <Cadence>17</Cadence>
          <SensorState>Present</SensorState>
          <Extensions>
            <TPX xmlns="https://www.garmin.com/xmlschemas/ActivityExtension/v2">
              <Watts>27</Watts>
            </TPX>
          </Extensions>
        </Trackpoint>
        <Trackpoint>
          <Time>2026-09-28T11:57:39Z</Time>
          <DistanceMeters>190.6</DistanceMeters>
          <Cadence>16</Cadence>
          <SensorState>Present</SensorState>
          <Extensions>
            <TPX xmlns="https://www.garmin.com/xmlschemas/ActivityExtension/v2">
              <Watts>26</Watts>
            </TPX>
          </Extensions>
        </Trackpoint>
        <Trackpoint>
          <Time>2026-09-28T11:57:42Z</Time>
          <DistanceMeters>198.5</DistanceMeters>
          <Cadence>16</Cadence>
          <SensorState>Present</SensorState>
          <Extensions>
            <TPX xmlns="https://www.garmin.com/xmlschemas/ActivityExtension/v2">
              <Watts>26</Watts>
            </TPX>
          </Extensions>
        </Trackpoint>
        <Trackpoint>
          <Time>2026-09-28T11:57:46Z</Time>
          <DistanceMeters>205.9</DistanceMeters>
          <Cadence>16</Cadence>
          <SensorState>Present</SensorState>
          <Extensions>
            <TPX xmlns="https://www.garmin.com/xmlschemas/ActivityExtension/v2">
              <Watts>26</Watts>
            </TPX>
          </Extensions>
        </Trackpoint>
        <Trackpoint>
          <Time>2026-09-28T11:57:50Z</Time>
          <DistanceMeters>213.9</DistanceMeters>
          <Cadence>16</Cadence>
          <SensorState>Present</SensorState>
          <Extensions>
            <TPX xmlns="https://www.garmin.com/xmlschemas/ActivityExtension/v2">
              <Watts>27</Watts>
            </TPX>
          </Extensions>
        </Trackpoint>
        <Trackpoint>
          <Time>2026-09-28T11:57:54Z</Time>
          <DistanceMeters>222.6</DistanceMeters>
          <Cadence>16</Cadence>
          <SensorState>Present</SensorState>
          <Extensions>
            <TPX xmlns="https://www.garmin.com/xmlschemas/ActivityExtension/v2">
              <Watts>28</Watts>
            </TPX>
          </Extensions>
        </Trackpoint>
        <Trackpoint>
          <Time>2026-09-28T11:57:58Z</Time>
          <DistanceMeters>231.7</DistanceMeters>
          <Cadence>16</Cadence>
          <SensorState>Present</SensorState>
          <Extensions>
            <TPX xmlns="https://www.garmin.com/xmlschemas/ActivityExtension/v2">
              <Watts>28</Watts>
            </TPX>
          </Extensions>
        </Trackpoint>
        <Trackpoint>
          <Time>2026-09-28T11:58:02Z</Time>
          <DistanceMeters>240.7</DistanceMeters>
          <Cadence>16</Cadence>
          <SensorState>Present</SensorState>
          <Extensions>
            <TPX xmlns="https://www.garmin.com/xmlschemas/ActivityExtension/v2">
              <Watts>31</Watts>
            </TPX>
          </Extensions>
        </Trackpoint>
        <Trackpoint>
          <Time>2026-09-28T11:58:06Z</Time>
          <DistanceMeters>249.3</DistanceMeters>
          <Cadence>16</Cadence>
          <SensorState>Present</SensorState>
          <Extensions>
            <TPX xmlns="https://www.garmin.com/xmlschemas/ActivityExtension/v2">
              <Watts>33</Watts>
            </TPX>
          </Extensions>
        </Trackpoint>
        <Trackpoint>
          <Time>2026-09-28T11:58:10Z</Time>
          <DistanceMeters>258.6</DistanceMeters>
          <Cadence>16</Cadence>
          <SensorState>Present</SensorState>
          <Extensions>
            <TPX xmlns="https://www.garmin.com/xmlschemas/ActivityExtension/v2">
              <Watts>33</Watts>
            </TPX>
          </Extensions>
        </Trackpoint>
        <Trackpoint>
          <Time>2026-09-28T11:58:13Z</Time>
          <DistanceMeters>266.4</DistanceMeters>
          <Cadence>18</Cadence>
          <SensorState>Present</SensorState>
          <Extensions>
            <TPX xmlns="https://www.garmin.com/xmlschemas/ActivityExtension/v2">
              <Watts>30</Watts>
            </TPX>
          </Extensions>
        </Trackpoint>
        <Trackpoint>
          <Time>2026-09-28T11:58:17Z</Time>
          <DistanceMeters>274.2</DistanceMeters>
          <Cadence>18</Cadence>
          <SensorState>Present</SensorState>
          <Extensions>
            <TPX xmlns="https://www.garmin.com/xmlschemas/ActivityExtension/v2">
              <Watts>31</Watts>
            </TPX>
          </Extensions>
        </Trackpoint>
        <Trackpoint>
          <Time>2026-09-28T11:58:20Z</Time>
          <DistanceMeters>281.5</DistanceMeters>
          <Cadence>18</Cadence>
          <SensorState>Present</SensorState>
          <Extensions>
            <TPX xmlns="https://www.garmin.com/xmlschemas/ActivityExtension/v2">
              <Watts>32</Watts>
            </TPX>
          </Extensions>
        </Trackpoint>
        <Trackpoint>
          <Time>2026-09-28T11:58:24Z</Time>
          <DistanceMeters>290.3</DistanceMeters>
          <Cadence>15</Cadence>
          <SensorState>Present</SensorState>
          <Extensions>
            <TPX xmlns="https://www.garmin.com/xmlschemas/ActivityExtension/v2">
              <Watts>29</Watts>
            </TPX>
          </Extensions>
        </Trackpoint>
        <Trackpoint>
          <Time>2026-09-28T11:58:28Z</Time>
          <DistanceMeters>299</DistanceMeters>
          <Cadence>15</Cadence>
          <SensorState>Present</SensorState>
          <Extensions>
            <TPX xmlns="https://www.garmin.com/xmlschemas/ActivityExtension/v2">
              <Watts>28</Watts>
            </TPX>
          </Extensions>
        </Trackpoint>
        <Trackpoint>
          <Time>2026-09-28T11:58:32Z</Time>
          <DistanceMeters>306.4</DistanceMeters>
          <Cadence>15</Cadence>
          <SensorState>Present</SensorState>
          <Extensions>
            <TPX xmlns="https://www.garmin.com/xmlschemas/ActivityExtension/v2">
              <Watts>28</Watts>
            </TPX>
          </Extensions>
        </Trackpoint>
        <Trackpoint>
          <Time>2026-09-28T11:58:36Z</Time>
          <DistanceMeters>314.9</DistanceMeters>
          <Cadence>15</Cadence>
          <SensorState>Present</SensorState>
          <Extensions>
            <TPX xmlns="https://www.garmin.com/xmlschemas/ActivityExtension/v2">
              <Watts>27</Watts>
            </TPX>
          </Extensions>
        </Trackpoint>
        <Trackpoint>
          <Time>2026-09-28T11:58:40Z</Time>
          <DistanceMeters>323.7</DistanceMeters>
          <Cadence>15</Cadence>
          <SensorState>Present</SensorState>
          <Extensions>
            <TPX xmlns="https://www.garmin.com/xmlschemas/ActivityExtension/v2">
              <Watts>29</Watts>
            </TPX>
          </Extensions>
        </Trackpoint>
        <Trackpoint>
          <Time>2026-09-28T11:58:44Z</Time>
          <DistanceMeters>332.2</DistanceMeters>
          <Cadence>15</Cadence>
          <SensorState>Present</SensorState>
          <Extensions>
            <TPX xmlns="https://www.garmin.com/xmlschemas/ActivityExtension/v2">
              <Watts>27</Watts>
            </TPX>
          </Extensions>
        </Trackpoint>
        <Trackpoint>
          <Time>2026-09-28T11:58:48Z</Time>
          <DistanceMeters>341</DistanceMeters>
          <Cadence>15</Cadence>
          <SensorState>Present</SensorState>
          <Extensions>
            <TPX xmlns="https://www.garmin.com/xmlschemas/ActivityExtension/v2">
              <Watts>27</Watts>
            </TPX>
          </Extensions>
        </Trackpoint>
        <Trackpoint>
          <Time>2026-09-28T11:58:52Z</Time>
          <DistanceMeters>349.5</DistanceMeters>
          <Cadence>16</Cadence>
          <SensorState>Present</SensorState>
          <Extensions>
            <TPX xmlns="https://www.garmin.com/xmlschemas/ActivityExtension/v2">
              <Watts>27</Watts>
            </TPX>
          </Extensions>
        </Trackpoint>
        <Trackpoint>
          <Time>2026-09-28T11:58:55Z</Time>
          <DistanceMeters>357</DistanceMeters>
          <Cadence>16</Cadence>
          <SensorState>Present</SensorState>
          <Extensions>
            <TPX xmlns="https://www.garmin.com/xmlschemas/ActivityExtension/v2">
              <Watts>27</Watts>
            </TPX>
          </Extensions>
        </Trackpoint>
        <Trackpoint>
          <Time>2026-09-28T11:59:00Z</Time>
          <DistanceMeters>366.9</DistanceMeters>
          <Cadence>13</Cadence>
          <SensorState>Present</SensorState>
          <Extensions>
            <TPX xmlns="https://www.garmin.com/xmlschemas/ActivityExtension/v2">
              <Watts>25</Watts>
            </TPX>
          </Extensions>
        </Trackpoint>
        <Trackpoint>
          <Time>2026-09-28T11:59:04Z</Time>
          <DistanceMeters>375.3</DistanceMeters>
          <Cadence>15</Cadence>
          <SensorState>Present</SensorState>
          <Extensions>
            <TPX xmlns="https://www.garmin.com/xmlschemas/ActivityExtension/v2">
              <Watts>25</Watts>
            </TPX>
          </Extensions>
        </Trackpoint>
        <Trackpoint>
          <Time>2026-09-28T11:59:08Z</Time>
          <DistanceMeters>383.9</DistanceMeters>
          <Cadence>15</Cadence>
          <SensorState>Present</SensorState>
          <Extensions>
            <TPX xmlns="https://www.garmin.com/xmlschemas/ActivityExtension/v2">
              <Watts>28</Watts>
            </TPX>
          </Extensions>
        </Trackpoint>
        <Trackpoint>
          <Time>2026-09-28T11:59:13Z</Time>
          <DistanceMeters>394.1</DistanceMeters>
          <Cadence>12</Cadence>
          <SensorState>Present</SensorState>
          <Extensions>
            <TPX xmlns="https://www.garmin.com/xmlschemas/ActivityExtension/v2">
              <Watts>27</Watts>
            </TPX>
          </Extensions>
        </Trackpoint>
        <Trackpoint>
          <Time>2026-09-28T11:59:17Z</Time>
          <DistanceMeters>403</DistanceMeters>
          <Cadence>12</Cadence>
          <SensorState>Present</SensorState>
          <Extensions>
            <TPX xmlns="https://www.garmin.com/xmlschemas/ActivityExtension/v2">
              <Watts>27</Watts>
            </TPX>
          </Extensions>
        </Trackpoint>
        <Trackpoint>
          <Time>2026-09-28T11:59:22Z</Time>
          <DistanceMeters>412.5</DistanceMeters>
          <Cadence>14</Cadence>
          <SensorState>Present</SensorState>
          <Extensions>
            <TPX xmlns="https://www.garmin.com/xmlschemas/ActivityExtension/v2">
              <Watts>26</Watts>
            </TPX>
          </Extensions>
        </Trackpoint>
        <Trackpoint>
          <Time>2026-09-28T11:59:26Z</Time>
          <DistanceMeters>420.8</DistanceMeters>
          <Cadence>14</Cadence>
          <SensorState>Present</SensorState>
          <Extensions>
            <TPX xmlns="https://www.garmin.com/xmlschemas/ActivityExtension/v2">
              <Watts>26</Watts>
            </TPX>
          </Extensions>
        </Trackpoint>
        <Trackpoint>
          <Time>2026-09-28T11:59:30Z</Time>
          <DistanceMeters>429.7</DistanceMeters>
          <Cadence>15</Cadence>
          <SensorState>Present</SensorState>
          <Extensions>
            <TPX xmlns="https://www.garmin.com/xmlschemas/ActivityExtension/v2">
              <Watts>25</Watts>
            </TPX>
          </Extensions>
        </Trackpoint>
        <Trackpoint>
          <Time>2026-09-28T11:59:34Z</Time>
          <DistanceMeters>437.8</DistanceMeters>
          <Cadence>16</Cadence>
          <SensorState>Present</SensorState>
          <Extensions>
            <TPX xmlns="https://www.garmin.com/xmlschemas/ActivityExtension/v2">
              <Watts>28</Watts>
            </TPX>
          </Extensions>
        </Trackpoint>
        <Trackpoint>
          <Time>2026-09-28T11:59:37Z</Time>
          <DistanceMeters>446.1</DistanceMeters>
          <Cadence>16</Cadence>
          <SensorState>Present</SensorState>
          <Extensions>
            <TPX xmlns="https://www.garmin.com/xmlschemas/ActivityExtension/v2">
              <Watts>28</Watts>
            </TPX>
          </Extensions>
        </Trackpoint>
        <Trackpoint>
          <Time>2026-09-28T11:59:41Z</Time>
          <DistanceMeters>454.8</DistanceMeters>
          <Cadence>16</Cadence>
          <SensorState>Present</SensorState>
          <Extensions>
            <TPX xmlns="https://www.garmin.com/xmlschemas/ActivityExtension/v2">
              <Watts>31</Watts>
            </TPX>
          </Extensions>
        </Trackpoint>
        <Trackpoint>
          <Time>2026-09-28T11:59:45Z</Time>
          <DistanceMeters>463.6</DistanceMeters>
          <Cadence>16</Cadence>
          <SensorState>Present</SensorState>
          <Extensions>
            <TPX xmlns="https://www.garmin.com/xmlschemas/ActivityExtension/v2">
              <Watts>29</Watts>
            </TPX>
          </Extensions>
        </Trackpoint>
        <Trackpoint>
          <Time>2026-09-28T11:59:49Z</Time>
          <DistanceMeters>472</DistanceMeters>
          <Cadence>16</Cadence>
          <SensorState>Present</SensorState>
          <Extensions>
            <TPX xmlns="https://www.garmin.com/xmlschemas/ActivityExtension/v2">
              <Watts>30</Watts>
            </TPX>
          </Extensions>
        </Trackpoint>
        <Trackpoint>
          <Time>2026-09-28T11:59:53Z</Time>
          <DistanceMeters>479.9</DistanceMeters>
          <Cadence>16</Cadence>
          <SensorState>Present</SensorState>
          <Extensions>
            <TPX xmlns="https://www.garmin.com/xmlschemas/ActivityExtension/v2">
              <Watts>30</Watts>
            </TPX>
          </Extensions>
        </Trackpoint>
        <Trackpoint>
          <Time>2026-09-28T11:59:56Z</Time>
          <DistanceMeters>488.5</DistanceMeters>
          <Cadence>17</Cadence>
          <SensorState>Present</SensorState>
          <Extensions>
            <TPX xmlns="https://www.garmin.com/xmlschemas/ActivityExtension/v2">
              <Watts>34</Watts>
            </TPX>
          </Extensions>
        </Trackpoint>
        <Trackpoint>
          <Time>2026-09-28T12:00:00Z</Time>
          <DistanceMeters>496.6</DistanceMeters>
          <Cadence>17</Cadence>
          <SensorState>Present</SensorState>
          <Extensions>
            <TPX xmlns="https://www.garmin.com/xmlschemas/ActivityExtension/v2">
              <Watts>34</Watts>
            </TPX>
          </Extensions>
        </Trackpoint>
        <Trackpoint>
          <Time>2026-09-28T12:00:04Z</Time>
          <DistanceMeters>505.2</DistanceMeters>
          <Cadence>17</Cadence>
          <SensorState>Present</SensorState>
          <Extensions>
            <TPX xmlns="https://www.garmin.com/xmlschemas/ActivityExtension/v2">
              <Watts>33</Watts>
            </TPX>
          </Extensions>
        </Trackpoint>
        <Trackpoint>
          <Time>2026-09-28T12:00:07Z</Time>
          <DistanceMeters>513</DistanceMeters>
          <Cadence>17</Cadence>
          <SensorState>Present</SensorState>
          <Extensions>
            <TPX xmlns="https://www.garmin.com/xmlschemas/ActivityExtension/v2">
              <Watts>33</Watts>
            </TPX>
          </Extensions>
        </Trackpoint>
        <Trackpoint>
          <Time>2026-09-28T12:00:10Z</Time>
          <DistanceMeters>520.4</DistanceMeters>
          <Cadence>17</Cadence>
          <SensorState>Present</SensorState>
          <Extensions>
            <TPX xmlns="https://www.garmin.com/xmlschemas/ActivityExtension/v2">
              <Watts>32</Watts>
            </TPX>
          </Extensions>
        </Trackpoint>
        <Trackpoint>
          <Time>2026-09-28T12:00:14Z</Time>
          <DistanceMeters>528.8</DistanceMeters>
          <Cadence>17</Cadence>
          <SensorState>Present</SensorState>
          <Extensions>
            <TPX xmlns="https://www.garmin.com/xmlschemas/ActivityExtension/v2">
              <Watts>31</Watts>
            </TPX>
          </Extensions>
        </Trackpoint>
        <Trackpoint>
          <Time>2026-09-28T12:00:18Z</Time>
          <DistanceMeters>536.6</DistanceMeters>
          <Cadence>17</Cadence>
          <SensorState>Present</SensorState>
          <Extensions>
            <TPX xmlns="https://www.garmin.com/xmlschemas/ActivityExtension/v2">
              <Watts>31</Watts>
            </TPX>
          </Extensions>
        </Trackpoint>
        <Trackpoint>
          <Time>2026-09-28T12:00:21Z</Time>
          <DistanceMeters>544.4</DistanceMeters>
          <Cadence>17</Cadence>
          <SensorState>Present</SensorState>
          <Extensions>
            <TPX xmlns="https://www.garmin.com/xmlschemas/ActivityExtension/v2">
              <Watts>31</Watts>
            </TPX>
          </Extensions>
        </Trackpoint>
        <Trackpoint>
          <Time>2026-09-28T12:00:25Z</Time>
          <DistanceMeters>552.9</DistanceMeters>
          <Cadence>16</Cadence>
          <SensorState>Present</SensorState>
          <Extensions>
            <TPX xmlns="https://www.garmin.com/xmlschemas/ActivityExtension/v2">
              <Watts>32</Watts>
            </TPX>
          </Extensions>
        </Trackpoint>
        <Trackpoint>
          <Time>2026-09-28T12:00:29Z</Time>
          <DistanceMeters>560.8</DistanceMeters>
          <Cadence>16</Cadence>
          <SensorState>Present</SensorState>
          <Extensions>
            <TPX xmlns="https://www.garmin.com/xmlschemas/ActivityExtension/v2">
              <Watts>32</Watts>
            </TPX>
          </Extensions>
        </Trackpoint>
        <Trackpoint>
          <Time>2026-09-28T12:00:33Z</Time>
          <DistanceMeters>569.7</DistanceMeters>
          <Cadence>16</Cadence>
          <SensorState>Present</SensorState>
          <Extensions>
            <TPX xmlns="https://www.garmin.com/xmlschemas/ActivityExtension/v2">
              <Watts>30</Watts>
            </TPX>
          </Extensions>
        </Trackpoint>
        <Trackpoint>
          <Time>2026-09-28T12:00:36Z</Time>
          <DistanceMeters>577.3</DistanceMeters>
          <Cadence>17</Cadence>
          <SensorState>Present</SensorState>
          <Extensions>
            <TPX xmlns="https://www.garmin.com/xmlschemas/ActivityExtension/v2">
              <Watts>28</Watts>
            </TPX>
          </Extensions>
        </Trackpoint>
        <Trackpoint>
          <Time>2026-09-28T12:00:40Z</Time>
          <DistanceMeters>585.4</DistanceMeters>
          <Cadence>16</Cadence>
          <SensorState>Present</SensorState>
          <Extensions>
            <TPX xmlns="https://www.garmin.com/xmlschemas/ActivityExtension/v2">
              <Watts>28</Watts>
            </TPX>
          </Extensions>
        </Trackpoint>
        <Trackpoint>
          <Time>2026-09-28T12:00:43Z</Time>
          <DistanceMeters>592.5</DistanceMeters>
          <Cadence>16</Cadence>
          <SensorState>Present</SensorState>
          <Extensions>
            <TPX xmlns="https://www.garmin.com/xmlschemas/ActivityExtension/v2">
              <Watts>28</Watts>
            </TPX>
          </Extensions>
        </Trackpoint>
        <Trackpoint>
          <Time>2026-09-28T12:00:47Z</Time>
          <DistanceMeters>600.8</DistanceMeters>
          <Cadence>17</Cadence>
          <SensorState>Present</SensorState>
          <Extensions>
            <TPX xmlns="https://www.garmin.com/xmlschemas/ActivityExtension/v2">
              <Watts>31</Watts>
            </TPX>
          </Extensions>
        </Trackpoint>
        <Trackpoint>
          <Time>2026-09-28T12:00:50Z</Time>
          <DistanceMeters>607.6</DistanceMeters>
          <Cadence>17</Cadence>
          <SensorState>Present</SensorState>
          <Extensions>
            <TPX xmlns="https://www.garmin.com/xmlschemas/ActivityExtension/v2">
              <Watts>31</Watts>
            </TPX>
          </Extensions>
        </Trackpoint>
        <Trackpoint>
          <Time>2026-09-28T12:00:53Z</Time>
          <DistanceMeters>616.1</DistanceMeters>
          <Cadence>17</Cadence>
          <SensorState>Present</SensorState>
          <Extensions>
            <TPX xmlns="https://www.garmin.com/xmlschemas/ActivityExtension/v2">
              <Watts>32</Watts>
            </TPX>
          </Extensions>
        </Trackpoint>
        <Trackpoint>
          <Time>2026-09-28T12:00:57Z</Time>
          <DistanceMeters>623.7</DistanceMeters>
          <Cadence>17</Cadence>
          <SensorState>Present</SensorState>
          <Extensions>
            <TPX xmlns="https://www.garmin.com/xmlschemas/ActivityExtension/v2">
              <Watts>32</Watts>
            </TPX>
          </Extensions>
        </Trackpoint>
        <Trackpoint>
          <Time>2026-09-28T12:01:02Z</Time>
          <DistanceMeters>634.4</DistanceMeters>
          <Cadence>12</Cadence>
          <SensorState>Present</SensorState>
          <Extensions>
            <TPX xmlns="https://www.garmin.com/xmlschemas/ActivityExtension/v2">
              <Watts>26</Watts>
            </TPX>
          </Extensions>
        </Trackpoint>
        <Trackpoint>
          <Time>2026-09-28T12:01:06Z</Time>
          <DistanceMeters>641.6</DistanceMeters>
          <Cadence>18</Cadence>
          <SensorState>Present</SensorState>
          <Extensions>
            <TPX xmlns="https://www.garmin.com/xmlschemas/ActivityExtension/v2">
              <Watts>24</Watts>
            </TPX>
          </Extensions>
        </Trackpoint>
        <Trackpoint>
          <Time>2026-09-28T12:01:09Z</Time>
          <DistanceMeters>648.7</DistanceMeters>
          <Cadence>19</Cadence>
          <SensorState>Present</SensorState>
          <Extensions>
            <TPX xmlns="https://www.garmin.com/xmlschemas/ActivityExtension/v2">
              <Watts>29</Watts>
            </TPX>
          </Extensions>
        </Trackpoint>
        <Trackpoint>
          <Time>2026-09-28T12:01:12Z</Time>
          <DistanceMeters>655.9</DistanceMeters>
          <Cadence>19</Cadence>
          <SensorState>Present</SensorState>
          <Extensions>
            <TPX xmlns="https://www.garmin.com/xmlschemas/ActivityExtension/v2">
              <Watts>31</Watts>
            </TPX>
          </Extensions>
        </Trackpoint>
        <Trackpoint>
          <Time>2026-09-28T12:01:16Z</Time>
          <DistanceMeters>664.6</DistanceMeters>
          <Cadence>19</Cadence>
          <SensorState>Present</SensorState>
          <Extensions>
            <TPX xmlns="https://www.garmin.com/xmlschemas/ActivityExtension/v2">
              <Watts>31</Watts>
            </TPX>
          </Extensions>
        </Trackpoint>
        <Trackpoint>
          <Time>2026-09-28T12:01:20Z</Time>
          <DistanceMeters>672.3</DistanceMeters>
          <Cadence>18</Cadence>
          <SensorState>Present</SensorState>
          <Extensions>
            <TPX xmlns="https://www.garmin.com/xmlschemas/ActivityExtension/v2">
              <Watts>29</Watts>
            </TPX>
          </Extensions>
        </Trackpoint>
        <Trackpoint>
          <Time>2026-09-28T12:01:23Z</Time>
          <DistanceMeters>679.6</DistanceMeters>
          <Cadence>18</Cadence>
          <SensorState>Present</SensorState>
          <Extensions>
            <TPX xmlns="https://www.garmin.com/xmlschemas/ActivityExtension/v2">
              <Watts>32</Watts>
            </TPX>
          </Extensions>
        </Trackpoint>
        <Trackpoint>
          <Time>2026-09-28T12:01:26Z</Time>
          <DistanceMeters>687.7</DistanceMeters>
          <Cadence>17</Cadence>
          <SensorState>Present</SensorState>
          <Extensions>
            <TPX xmlns="https://www.garmin.com/xmlschemas/ActivityExtension/v2">
              <Watts>35</Watts>
            </TPX>
          </Extensions>
        </Trackpoint>
        <Trackpoint>
          <Time>2026-09-28T12:01:30Z</Time>
          <DistanceMeters>695.9</DistanceMeters>
          <Cadence>17</Cadence>
          <SensorState>Present</SensorState>
          <Extensions>
            <TPX xmlns="https://www.garmin.com/xmlschemas/ActivityExtension/v2">
              <Watts>35</Watts>
            </TPX>
          </Extensions>
        </Trackpoint>
        <Trackpoint>
          <Time>2026-09-28T12:01:33Z</Time>
          <DistanceMeters>703.9</DistanceMeters>
          <Cadence>17</Cadence>
          <SensorState>Present</SensorState>
          <Extensions>
            <TPX xmlns="https://www.garmin.com/xmlschemas/ActivityExtension/v2">
              <Watts>33</Watts>
            </TPX>
          </Extensions>
        </Trackpoint>
        <Trackpoint>
          <Time>2026-09-28T12:01:37Z</Time>
          <DistanceMeters>711.2</DistanceMeters>
          <Cadence>18</Cadence>
          <SensorState>Present</SensorState>
          <Extensions>
            <TPX xmlns="https://www.garmin.com/xmlschemas/ActivityExtension/v2">
              <Watts>31</Watts>
            </TPX>
          </Extensions>
        </Trackpoint>
        <Trackpoint>
          <Time>2026-09-28T12:01:40Z</Time>
          <DistanceMeters>719</DistanceMeters>
          <Cadence>18</Cadence>
          <SensorState>Present</SensorState>
          <Extensions>
            <TPX xmlns="https://www.garmin.com/xmlschemas/ActivityExtension/v2">
              <Watts>31</Watts>
            </TPX>
          </Extensions>
        </Trackpoint>
        <Trackpoint>
          <Time>2026-09-28T12:01:44Z</Time>
          <DistanceMeters>726.9</DistanceMeters>
          <Cadence>17</Cadence>
          <SensorState>Present</SensorState>
          <Extensions>
            <TPX xmlns="https://www.garmin.com/xmlschemas/ActivityExtension/v2">
              <Watts>32</Watts>
            </TPX>
          </Extensions>
        </Trackpoint>
        <Trackpoint>
          <Time>2026-09-28T12:01:47Z</Time>
          <DistanceMeters>734.2</DistanceMeters>
          <Cadence>18</Cadence>
          <SensorState>Present</SensorState>
          <Extensions>
            <TPX xmlns="https://www.garmin.com/xmlschemas/ActivityExtension/v2">
              <Watts>32</Watts>
            </TPX>
          </Extensions>
        </Trackpoint>
        <Trackpoint>
          <Time>2026-09-28T12:01:50Z</Time>
          <DistanceMeters>742</DistanceMeters>
          <Cadence>17</Cadence>
          <SensorState>Present</SensorState>
          <Extensions>
            <TPX xmlns="https://www.garmin.com/xmlschemas/ActivityExtension/v2">
              <Watts>30</Watts>
            </TPX>
          </Extensions>
        </Trackpoint>
        <Trackpoint>
          <Time>2026-09-28T12:01:54Z</Time>
          <DistanceMeters>750.2</DistanceMeters>
          <Cadence>17</Cadence>
          <SensorState>Present</SensorState>
          <Extensions>
            <TPX xmlns="https://www.garmin.com/xmlschemas/ActivityExtension/v2">
              <Watts>30</Watts>
            </TPX>
          </Extensions>
        </Trackpoint>
        <Trackpoint>
          <Time>2026-09-28T12:01:57Z</Time>
          <DistanceMeters>757.9</DistanceMeters>
          <Cadence>17</Cadence>
          <SensorState>Present</SensorState>
          <Extensions>
            <TPX xmlns="https://www.garmin.com/xmlschemas/ActivityExtension/v2">
              <Watts>29</Watts>
            </TPX>
          </Extensions>
        </Trackpoint>
        <Trackpoint>
          <Time>2026-09-28T12:02:01Z</Time>
          <DistanceMeters>765.7</DistanceMeters>
          <Cadence>17</Cadence>
          <SensorState>Present</SensorState>
          <Extensions>
            <TPX xmlns="https://www.garmin.com/xmlschemas/ActivityExtension/v2">
              <Watts>30</Watts>
            </TPX>
          </Extensions>
        </Trackpoint>
        <Trackpoint>
          <Time>2026-09-28T12:02:05Z</Time>
          <DistanceMeters>773.9</DistanceMeters>
          <Cadence>17</Cadence>
          <SensorState>Present</SensorState>
          <Extensions>
            <TPX xmlns="https://www.garmin.com/xmlschemas/ActivityExtension/v2">
              <Watts>30</Watts>
            </TPX>
          </Extensions>
        </Trackpoint>
        <Trackpoint>
          <Time>2026-09-28T12:02:09Z</Time>
          <DistanceMeters>782.2</DistanceMeters>
          <Cadence>17</Cadence>
          <SensorState>Present</SensorState>
          <Extensions>
            <TPX xmlns="https://www.garmin.com/xmlschemas/ActivityExtension/v2">
              <Watts>30</Watts>
            </TPX>
          </Extensions>
        </Trackpoint>
        <Trackpoint>
          <Time>2026-09-28T12:02:13Z</Time>
          <DistanceMeters>791</DistanceMeters>
          <Cadence>15</Cadence>
          <SensorState>Present</SensorState>
          <Extensions>
            <TPX xmlns="https://www.garmin.com/xmlschemas/ActivityExtension/v2">
              <Watts>30</Watts>
            </TPX>
          </Extensions>
        </Trackpoint>
        <Trackpoint>
          <Time>2026-09-28T12:02:16Z</Time>
          <DistanceMeters>799.2</DistanceMeters>
          <Cadence>16</Cadence>
          <SensorState>Present</SensorState>
          <Extensions>
            <TPX xmlns="https://www.garmin.com/xmlschemas/ActivityExtension/v2">
              <Watts>29</Watts>
            </TPX>
          </Extensions>
        </Trackpoint>
        <Trackpoint>
          <Time>2026-09-28T12:02:20Z</Time>
          <DistanceMeters>807.5</DistanceMeters>
          <Cadence>16</Cadence>
          <SensorState>Present</SensorState>
          <Extensions>
            <TPX xmlns="https://www.garmin.com/xmlschemas/ActivityExtension/v2">
              <Watts>29</Watts>
            </TPX>
          </Extensions>
        </Trackpoint>
        <Trackpoint>
          <Time>2026-09-28T12:02:24Z</Time>
          <DistanceMeters>816.5</DistanceMeters>
          <Cadence>16</Cadence>
          <SensorState>Present</SensorState>
          <Extensions>
            <TPX xmlns="https://www.garmin.com/xmlschemas/ActivityExtension/v2">
              <Watts>32</Watts>
            </TPX>
          </Extensions>
        </Trackpoint>
        <Trackpoint>
          <Time>2026-09-28T12:02:28Z</Time>
          <DistanceMeters>824.5</DistanceMeters>
          <Cadence>16</Cadence>
          <SensorState>Present</SensorState>
          <Extensions>
            <TPX xmlns="https://www.garmin.com/xmlschemas/ActivityExtension/v2">
              <Watts>32</Watts>
            </TPX>
          </Extensions>
        </Trackpoint>
        <Trackpoint>
          <Time>2026-09-28T12:02:31Z</Time>
          <DistanceMeters>832.9</DistanceMeters>
          <Cadence>16</Cadence>
          <SensorState>Present</SensorState>
          <Extensions>
            <TPX xmlns="https://www.garmin.com/xmlschemas/ActivityExtension/v2">
              <Watts>32</Watts>
            </TPX>
          </Extensions>
        </Trackpoint>
        <Trackpoint>
          <Time>2026-09-28T12:02:35Z</Time>
          <DistanceMeters>840.7</DistanceMeters>
          <Cadence>16</Cadence>
          <SensorState>Present</SensorState>
          <Extensions>
            <TPX xmlns="https://www.garmin.com/xmlschemas/ActivityExtension/v2">
              <Watts>32</Watts>
            </TPX>
          </Extensions>
        </Trackpoint>
        <Trackpoint>
          <Time>2026-09-28T12:02:39Z</Time>
          <DistanceMeters>848.8</DistanceMeters>
          <Cadence>17</Cadence>
          <SensorState>Present</SensorState>
          <Extensions>
            <TPX xmlns="https://www.garmin.com/xmlschemas/ActivityExtension/v2">
              <Watts>28</Watts>
            </TPX>
          </Extensions>
        </Trackpoint>
        <Trackpoint>
          <Time>2026-09-28T12:02:42Z</Time>
          <DistanceMeters>855.9</DistanceMeters>
          <Cadence>17</Cadence>
          <SensorState>Present</SensorState>
          <Extensions>
            <TPX xmlns="https://www.garmin.com/xmlschemas/ActivityExtension/v2">
              <Watts>28</Watts>
            </TPX>
          </Extensions>
        </Trackpoint>
        <Trackpoint>
          <Time>2026-09-28T12:02:46Z</Time>
          <DistanceMeters>864.1</DistanceMeters>
          <Cadence>16</Cadence>
          <SensorState>Present</SensorState>
          <Extensions>
            <TPX xmlns="https://www.garmin.com/xmlschemas/ActivityExtension/v2">
              <Watts>29</Watts>
            </TPX>
          </Extensions>
        </Trackpoint>
        <Trackpoint>
          <Time>2026-09-28T12:02:49Z</Time>
          <DistanceMeters>871.7</DistanceMeters>
          <Cadence>18</Cadence>
          <SensorState>Present</SensorState>
          <Extensions>
            <TPX xmlns="https://www.garmin.com/xmlschemas/ActivityExtension/v2">
              <Watts>28</Watts>
            </TPX>
          </Extensions>
        </Trackpoint>
        <Trackpoint>
          <Time>2026-09-28T12:02:53Z</Time>
          <DistanceMeters>879.7</DistanceMeters>
          <Cadence>18</Cadence>
          <SensorState>Present</SensorState>
          <Extensions>
            <TPX xmlns="https://www.garmin.com/xmlschemas/ActivityExtension/v2">
              <Watts>28</Watts>
            </TPX>
          </Extensions>
        </Trackpoint>
        <Trackpoint>
          <Time>2026-09-28T12:02:57Z</Time>
          <DistanceMeters>888</DistanceMeters>
          <Cadence>16</Cadence>
          <SensorState>Present</SensorState>
          <Extensions>
            <TPX xmlns="https://www.garmin.com/xmlschemas/ActivityExtension/v2">
              <Watts>30</Watts>
            </TPX>
          </Extensions>
        </Trackpoint>
        <Trackpoint>
          <Time>2026-09-28T12:03:00Z</Time>
          <DistanceMeters>896.6</DistanceMeters>
          <Cadence>16</Cadence>
          <SensorState>Present</SensorState>
          <Extensions>
            <TPX xmlns="https://www.garmin.com/xmlschemas/ActivityExtension/v2">
              <Watts>33</Watts>
            </TPX>
          </Extensions>
        </Trackpoint>
        <Trackpoint>
          <Time>2026-09-28T12:03:04Z</Time>
          <DistanceMeters>905.1</DistanceMeters>
          <Cadence>16</Cadence>
          <SensorState>Present</SensorState>
          <Extensions>
            <TPX xmlns="https://www.garmin.com/xmlschemas/ActivityExtension/v2">
              <Watts>33</Watts>
            </TPX>
          </Extensions>
        </Trackpoint>
        <Trackpoint>
          <Time>2026-09-28T12:03:08Z</Time>
          <DistanceMeters>914.3</DistanceMeters>
          <Cadence>15</Cadence>
          <SensorState>Present</SensorState>
          <Extensions>
            <TPX xmlns="https://www.garmin.com/xmlschemas/ActivityExtension/v2">
              <Watts>34</Watts>
            </TPX>
          </Extensions>
        </Trackpoint>
        <Trackpoint>
          <Time>2026-09-28T12:03:12Z</Time>
          <DistanceMeters>922.5</DistanceMeters>
          <Cadence>18</Cadence>
          <SensorState>Present</SensorState>
          <Extensions>
            <TPX xmlns="https://www.garmin.com/xmlschemas/ActivityExtension/v2">
              <Watts>36</Watts>
            </TPX>
          </Extensions>
        </Trackpoint>
        <Trackpoint>
          <Time>2026-09-28T12:03:15Z</Time>
          <DistanceMeters>931.1</DistanceMeters>
          <Cadence>16</Cadence>
          <SensorState>Present</SensorState>
          <Extensions>
            <TPX xmlns="https://www.garmin.com/xmlschemas/ActivityExtension/v2">
              <Watts>33</Watts>
            </TPX>
          </Extensions>
        </Trackpoint>
        <Trackpoint>
          <Time>2026-09-28T12:03:19Z</Time>
          <DistanceMeters>939.1</DistanceMeters>
          <Cadence>17</Cadence>
          <SensorState>Present</SensorState>
          <Extensions>
            <TPX xmlns="https://www.garmin.com/xmlschemas/ActivityExtension/v2">
              <Watts>34</Watts>
            </TPX>
          </Extensions>
        </Trackpoint>
        <Trackpoint>
          <Time>2026-09-28T12:03:22Z</Time>
          <DistanceMeters>946.6</DistanceMeters>
          <Cadence>17</Cadence>
          <SensorState>Present</SensorState>
          <Extensions>
            <TPX xmlns="https://www.garmin.com/xmlschemas/ActivityExtension/v2">
              <Watts>34</Watts>
            </TPX>
          </Extensions>
        </Trackpoint>
        <Trackpoint>
          <Time>2026-09-28T12:03:26Z</Time>
          <DistanceMeters>955.6</DistanceMeters>
          <Cadence>17</Cadence>
          <SensorState>Present</SensorState>
          <Extensions>
            <TPX xmlns="https://www.garmin.com/xmlschemas/ActivityExtension/v2">
              <Watts>34</Watts>
            </TPX>
          </Extensions>
        </Trackpoint>
        <Trackpoint>
          <Time>2026-09-28T12:03:30Z</Time>
          <DistanceMeters>964.4</DistanceMeters>
          <Cadence>17</Cadence>
          <SensorState>Present</SensorState>
          <Extensions>
            <TPX xmlns="https://www.garmin.com/xmlschemas/ActivityExtension/v2">
              <Watts>34</Watts>
            </TPX>
          </Extensions>
        </Trackpoint>
        <Trackpoint>
          <Time>2026-09-28T12:03:34Z</Time>
          <DistanceMeters>973.1</DistanceMeters>
          <Cadence>16</Cadence>
          <SensorState>Present</SensorState>
          <Extensions>
            <TPX xmlns="https://www.garmin.com/xmlschemas/ActivityExtension/v2">
              <Watts>35</Watts>
            </TPX>
          </Extensions>
        </Trackpoint>
        <Trackpoint>
          <Time>2026-09-28T12:03:37Z</Time>
          <DistanceMeters>981.8</DistanceMeters>
          <Cadence>16</Cadence>
          <SensorState>Present</SensorState>
          <Extensions>
            <TPX xmlns="https://www.garmin.com/xmlschemas/ActivityExtension/v2">
              <Watts>34</Watts>
            </TPX>
          </Extensions>
        </Trackpoint>
        <Trackpoint>
          <Time>2026-09-28T12:03:41Z</Time>
          <DistanceMeters>989.9</DistanceMeters>
          <Cadence>16</Cadence>
          <SensorState>Present</SensorState>
          <Extensions>
            <TPX xmlns="https://www.garmin.com/xmlschemas/ActivityExtension/v2">
              <Watts>34</Watts>
            </TPX>
          </Extensions>
        </Trackpoint>
        <Trackpoint>
          <Time>2026-09-28T12:03:44Z</Time>
          <DistanceMeters>997.7</DistanceMeters>
          <Cadence>17</Cadence>
          <SensorState>Present</SensorState>
          <Extensions>
            <TPX xmlns="https://www.garmin.com/xmlschemas/ActivityExtension/v2">
              <Watts>36</Watts>
            </TPX>
          </Extensions>
        </Trackpoint>
        <Trackpoint>
          <Time>2026-09-28T12:03:48Z</Time>
          <DistanceMeters>1006.4</DistanceMeters>
          <Cadence>19</Cadence>
          <SensorState>Present</SensorState>
          <Extensions>
            <TPX xmlns="https://www.garmin.com/xmlschemas/ActivityExtension/v2">
              <Watts>37</Watts>
            </TPX>
          </Extensions>
        </Trackpoint>
        <Trackpoint>
          <Time>2026-09-28T12:03:52Z</Time>
          <DistanceMeters>1015.2</DistanceMeters>
          <Cadence>17</Cadence>
          <SensorState>Present</SensorState>
          <Extensions>
            <TPX xmlns="https://www.garmin.com/xmlschemas/ActivityExtension/v2">
              <Watts>34</Watts>
            </TPX>
          </Extensions>
        </Trackpoint>
        <Trackpoint>
          <Time>2026-09-28T12:03:55Z</Time>
          <DistanceMeters>1022.8</DistanceMeters>
          <Cadence>18</Cadence>
          <SensorState>Present</SensorState>
          <Extensions>
            <TPX xmlns="https://www.garmin.com/xmlschemas/ActivityExtension/v2">
              <Watts>36</Watts>
            </TPX>
          </Extensions>
        </Trackpoint>
        <Trackpoint>
          <Time>2026-09-28T12:03:59Z</Time>
          <DistanceMeters>1031.4</DistanceMeters>
          <Cadence>16</Cadence>
          <SensorState>Present</SensorState>
          <Extensions>
            <TPX xmlns="https://www.garmin.com/xmlschemas/ActivityExtension/v2">
              <Watts>34</Watts>
            </TPX>
          </Extensions>
        </Trackpoint>
        <Trackpoint>
          <Time>2026-09-28T12:04:02Z</Time>
          <DistanceMeters>1039.6</DistanceMeters>
          <Cadence>17</Cadence>
          <SensorState>Present</SensorState>
          <Extensions>
            <TPX xmlns="https://www.garmin.com/xmlschemas/ActivityExtension/v2">
              <Watts>35</Watts>
            </TPX>
          </Extensions>
        </Trackpoint>
        <Trackpoint>
          <Time>2026-09-28T12:04:06Z</Time>
          <DistanceMeters>1047.6</DistanceMeters>
          <Cadence>17</Cadence>
          <SensorState>Present</SensorState>
          <Extensions>
            <TPX xmlns="https://www.garmin.com/xmlschemas/ActivityExtension/v2">
              <Watts>33</Watts>
            </TPX>
          </Extensions>
        </Trackpoint>
        <Trackpoint>
          <Time>2026-09-28T12:04:09Z</Time>
          <DistanceMeters>1054.9</DistanceMeters>
          <Cadence>18</Cadence>
          <SensorState>Present</SensorState>
          <Extensions>
            <TPX xmlns="https://www.garmin.com/xmlschemas/ActivityExtension/v2">
              <Watts>33</Watts>
            </TPX>
          </Extensions>
        </Trackpoint>
        <Trackpoint>
          <Time>2026-09-28T12:04:12Z</Time>
          <DistanceMeters>1063</DistanceMeters>
          <Cadence>17</Cadence>
          <SensorState>Present</SensorState>
          <Extensions>
            <TPX xmlns="https://www.garmin.com/xmlschemas/ActivityExtension/v2">
              <Watts>33</Watts>
            </TPX>
          </Extensions>
        </Trackpoint>
        <Trackpoint>
          <Time>2026-09-28T12:04:16Z</Time>
          <DistanceMeters>1070.9</DistanceMeters>
          <Cadence>17</Cadence>
          <SensorState>Present</SensorState>
          <Extensions>
            <TPX xmlns="https://www.garmin.com/xmlschemas/ActivityExtension/v2">
              <Watts>33</Watts>
            </TPX>
          </Extensions>
        </Trackpoint>
        <Trackpoint>
          <Time>2026-09-28T12:04:19Z</Time>
          <DistanceMeters>1078.9</DistanceMeters>
          <Cadence>17</Cadence>
          <SensorState>Present</SensorState>
          <Extensions>
            <TPX xmlns="https://www.garmin.com/xmlschemas/ActivityExtension/v2">
              <Watts>33</Watts>
            </TPX>
          </Extensions>
        </Trackpoint>
        <Trackpoint>
          <Time>2026-09-28T12:04:23Z</Time>
          <DistanceMeters>1086.9</DistanceMeters>
          <Cadence>17</Cadence>
          <SensorState>Present</SensorState>
          <Extensions>
            <TPX xmlns="https://www.garmin.com/xmlschemas/ActivityExtension/v2">
              <Watts>33</Watts>
            </TPX>
          </Extensions>
        </Trackpoint>
        <Trackpoint>
          <Time>2026-09-28T12:04:27Z</Time>
          <DistanceMeters>1095.5</DistanceMeters>
          <Cadence>16</Cadence>
          <SensorState>Present</SensorState>
          <Extensions>
            <TPX xmlns="https://www.garmin.com/xmlschemas/ActivityExtension/v2">
              <Watts>34</Watts>
            </TPX>
          </Extensions>
        </Trackpoint>
        <Trackpoint>
          <Time>2026-09-28T12:04:30Z</Time>
          <DistanceMeters>1104</DistanceMeters>
          <Cadence>16</Cadence>
          <SensorState>Present</SensorState>
          <Extensions>
            <TPX xmlns="https://www.garmin.com/xmlschemas/ActivityExtension/v2">
              <Watts>34</Watts>
            </TPX>
          </Extensions>
        </Trackpoint>
        <Trackpoint>
          <Time>2026-09-28T12:04:34Z</Time>
          <DistanceMeters>1111.9</DistanceMeters>
          <Cadence>16</Cadence>
          <SensorState>Present</SensorState>
          <Extensions>
            <TPX xmlns="https://www.garmin.com/xmlschemas/ActivityExtension/v2">
              <Watts>32</Watts>
            </TPX>
          </Extensions>
        </Trackpoint>
        <Trackpoint>
          <Time>2026-09-28T12:04:38Z</Time>
          <DistanceMeters>1120.9</DistanceMeters>
          <Cadence>15</Cadence>
          <SensorState>Present</SensorState>
          <Extensions>
            <TPX xmlns="https://www.garmin.com/xmlschemas/ActivityExtension/v2">
              <Watts>31</Watts>
            </TPX>
          </Extensions>
        </Trackpoint>
        <Trackpoint>
          <Time>2026-09-28T12:04:41Z</Time>
          <DistanceMeters>1128.3</DistanceMeters>
          <Cadence>18</Cadence>
          <SensorState>Present</SensorState>
          <Extensions>
            <TPX xmlns="https://www.garmin.com/xmlschemas/ActivityExtension/v2">
              <Watts>32</Watts>
            </TPX>
          </Extensions>
        </Trackpoint>
        <Trackpoint>
          <Time>2026-09-28T12:04:44Z</Time>
          <DistanceMeters>1135.7</DistanceMeters>
          <Cadence>19</Cadence>
          <SensorState>Present</SensorState>
          <Extensions>
            <TPX xmlns="https://www.garmin.com/xmlschemas/ActivityExtension/v2">
              <Watts>34</Watts>
            </TPX>
          </Extensions>
        </Trackpoint>
        <Trackpoint>
          <Time>2026-09-28T12:04:48Z</Time>
          <DistanceMeters>1143.3</DistanceMeters>
          <Cadence>18</Cadence>
          <SensorState>Present</SensorState>
          <Extensions>
            <TPX xmlns="https://www.garmin.com/xmlschemas/ActivityExtension/v2">
              <Watts>36</Watts>
            </TPX>
          </Extensions>
        </Trackpoint>
        <Trackpoint>
          <Time>2026-09-28T12:04:51Z</Time>
          <DistanceMeters>1150.9</DistanceMeters>
          <Cadence>18</Cadence>
          <SensorState>Present</SensorState>
          <Extensions>
            <TPX xmlns="https://www.garmin.com/xmlschemas/ActivityExtension/v2">
              <Watts>35</Watts>
            </TPX>
          </Extensions>
        </Trackpoint>
        <Trackpoint>
          <Time>2026-09-28T12:04:54Z</Time>
          <DistanceMeters>1157.8</DistanceMeters>
          <Cadence>20</Cadence>
          <SensorState>Present</SensorState>
          <Extensions>
            <TPX xmlns="https://www.garmin.com/xmlschemas/ActivityExtension/v2">
              <Watts>35</Watts>
            </TPX>
          </Extensions>
        </Trackpoint>
        <Trackpoint>
          <Time>2026-09-28T12:04:57Z</Time>
          <DistanceMeters>1165.4</DistanceMeters>
          <Cadence>19</Cadence>
          <SensorState>Present</SensorState>
          <Extensions>
            <TPX xmlns="https://www.garmin.com/xmlschemas/ActivityExtension/v2">
              <Watts>35</Watts>
            </TPX>
          </Extensions>
        </Trackpoint>
        <Trackpoint>
          <Time>2026-09-28T12:05:00Z</Time>
          <DistanceMeters>1173.1</DistanceMeters>
          <Cadence>18</Cadence>
          <SensorState>Present</SensorState>
          <Extensions>
            <TPX xmlns="https://www.garmin.com/xmlschemas/ActivityExtension/v2">
              <Watts>37</Watts>
            </TPX>
          </Extensions>
        </Trackpoint>
        <Trackpoint>
          <Time>2026-09-28T12:05:04Z</Time>
          <DistanceMeters>1180.7</DistanceMeters>
          <Cadence>18</Cadence>
          <SensorState>Present</SensorState>
          <Extensions>
            <TPX xmlns="https://www.garmin.com/xmlschemas/ActivityExtension/v2">
              <Watts>37</Watts>
            </TPX>
          </Extensions>
        </Trackpoint>
        <Trackpoint>
          <Time>2026-09-28T12:05:08Z</Time>
          <DistanceMeters>1189.7</DistanceMeters>
          <Cadence>18</Cadence>
          <SensorState>Present</SensorState>
          <Extensions>
            <TPX xmlns="https://www.garmin.com/xmlschemas/ActivityExtension/v2">
              <Watts>36</Watts>
            </TPX>
          </Extensions>
        </Trackpoint>
        <Trackpoint>
          <Time>2026-09-28T12:05:11Z</Time>
          <DistanceMeters>1198.2</DistanceMeters>
          <Cadence>16</Cadence>
          <SensorState>Present</SensorState>
          <Extensions>
            <TPX xmlns="https://www.garmin.com/xmlschemas/ActivityExtension/v2">
              <Watts>31</Watts>
            </TPX>
          </Extensions>
        </Trackpoint>
        <Trackpoint>
          <Time>2026-09-28T12:05:15Z</Time>
          <DistanceMeters>1206</DistanceMeters>
          <Cadence>17</Cadence>
          <SensorState>Present</SensorState>
          <Extensions>
            <TPX xmlns="https://www.garmin.com/xmlschemas/ActivityExtension/v2">
              <Watts>31</Watts>
            </TPX>
          </Extensions>
        </Trackpoint>
        <Trackpoint>
          <Time>2026-09-28T12:05:18Z</Time>
          <DistanceMeters>1213.2</DistanceMeters>
          <Cadence>17</Cadence>
          <SensorState>Present</SensorState>
          <Extensions>
            <TPX xmlns="https://www.garmin.com/xmlschemas/ActivityExtension/v2">
              <Watts>31</Watts>
            </TPX>
          </Extensions>
        </Trackpoint>
        <Trackpoint>
          <Time>2026-09-28T12:05:22Z</Time>
          <DistanceMeters>1221</DistanceMeters>
          <Cadence>18</Cadence>
          <SensorState>Present</SensorState>
          <Extensions>
            <TPX xmlns="https://www.garmin.com/xmlschemas/ActivityExtension/v2">
              <Watts>31</Watts>
            </TPX>
          </Extensions>
        </Trackpoint>
        <Trackpoint>
          <Time>2026-09-28T12:05:25Z</Time>
          <DistanceMeters>1229.3</DistanceMeters>
          <Cadence>17</Cadence>
          <SensorState>Present</SensorState>
          <Extensions>
            <TPX xmlns="https://www.garmin.com/xmlschemas/ActivityExtension/v2">
              <Watts>30</Watts>
            </TPX>
          </Extensions>
        </Trackpoint>
        <Trackpoint>
          <Time>2026-09-28T12:05:29Z</Time>
          <DistanceMeters>1237.6</DistanceMeters>
          <Cadence>16</Cadence>
          <SensorState>Present</SensorState>
          <Extensions>
            <TPX xmlns="https://www.garmin.com/xmlschemas/ActivityExtension/v2">
              <Watts>31</Watts>
            </TPX>
          </Extensions>
        </Trackpoint>
        <Trackpoint>
          <Time>2026-09-28T12:05:33Z</Time>
          <DistanceMeters>1246.7</DistanceMeters>
          <Cadence>15</Cadence>
          <SensorState>Present</SensorState>
          <Extensions>
            <TPX xmlns="https://www.garmin.com/xmlschemas/ActivityExtension/v2">
              <Watts>32</Watts>
            </TPX>
          </Extensions>
        </Trackpoint>
        <Trackpoint>
          <Time>2026-09-28T12:05:36Z</Time>
          <DistanceMeters>1254.1</DistanceMeters>
          <Cadence>15</Cadence>
          <SensorState>Present</SensorState>
          <Extensions>
            <TPX xmlns="https://www.garmin.com/xmlschemas/ActivityExtension/v2">
              <Watts>32</Watts>
            </TPX>
          </Extensions>
        </Trackpoint>
        <Trackpoint>
          <Time>2026-09-28T12:05:40Z</Time>
          <DistanceMeters>1262.2</DistanceMeters>
          <Cadence>17</Cadence>
          <SensorState>Present</SensorState>
          <Extensions>
            <TPX xmlns="https://www.garmin.com/xmlschemas/ActivityExtension/v2">
              <Watts>34</Watts>
            </TPX>
          </Extensions>
        </Trackpoint>
        <Trackpoint>
          <Time>2026-09-28T12:05:43Z</Time>
          <DistanceMeters>1270.2</DistanceMeters>
          <Cadence>18</Cadence>
          <SensorState>Present</SensorState>
          <Extensions>
            <TPX xmlns="https://www.garmin.com/xmlschemas/ActivityExtension/v2">
              <Watts>34</Watts>
            </TPX>
          </Extensions>
        </Trackpoint>
        <Trackpoint>
          <Time>2026-09-28T12:05:52Z</Time>
          <DistanceMeters>1284.9</DistanceMeters>
          <Cadence>61</Cadence>
          <SensorState>Present</SensorState>
          <Extensions>
            <TPX xmlns="https://www.garmin.com/xmlschemas/ActivityExtension/v2">
              <Watts>23</Watts>
            </TPX>
          </Extensions>
        </Trackpoint>
        <Trackpoint>
          <Time>2026-09-28T12:05:55Z</Time>
          <DistanceMeters>1291.6</DistanceMeters>
          <Cadence>61</Cadence>
          <SensorState>Present</SensorState>
          <Extensions>
            <TPX xmlns="https://www.garmin.com/xmlschemas/ActivityExtension/v2">
              <Watts>23</Watts>
            </TPX>
          </Extensions>
        </Trackpoint>
        <Trackpoint>
          <Time>2026-09-28T12:05:59Z</Time>
          <DistanceMeters>1299.2</DistanceMeters>
          <Cadence>18</Cadence>
          <SensorState>Present</SensorState>
          <Extensions>
            <TPX xmlns="https://www.garmin.com/xmlschemas/ActivityExtension/v2">
              <Watts>25</Watts>
            </TPX>
          </Extensions>
        </Trackpoint>
        <Trackpoint>
          <Time>2026-09-28T12:06:02Z</Time>
          <DistanceMeters>1307.5</DistanceMeters>
          <Cadence>17</Cadence>
          <SensorState>Present</SensorState>
          <Extensions>
            <TPX xmlns="https://www.garmin.com/xmlschemas/ActivityExtension/v2">
              <Watts>30</Watts>
            </TPX>
          </Extensions>
        </Trackpoint>
        <Trackpoint>
          <Time>2026-09-28T12:06:06Z</Time>
          <DistanceMeters>1315.1</DistanceMeters>
          <Cadence>17</Cadence>
          <SensorState>Present</SensorState>
          <Extensions>
            <TPX xmlns="https://www.garmin.com/xmlschemas/ActivityExtension/v2">
              <Watts>29</Watts>
            </TPX>
          </Extensions>
        </Trackpoint>
        <Trackpoint>
          <Time>2026-09-28T12:06:09Z</Time>
          <DistanceMeters>1322.8</DistanceMeters>
          <Cadence>17</Cadence>
          <SensorState>Present</SensorState>
          <Extensions>
            <TPX xmlns="https://www.garmin.com/xmlschemas/ActivityExtension/v2">
              <Watts>29</Watts>
            </TPX>
          </Extensions>
        </Trackpoint>
        <Trackpoint>
          <Time>2026-09-28T12:06:13Z</Time>
          <DistanceMeters>1330.6</DistanceMeters>
          <Cadence>18</Cadence>
          <SensorState>Present</SensorState>
          <Extensions>
            <TPX xmlns="https://www.garmin.com/xmlschemas/ActivityExtension/v2">
              <Watts>31</Watts>
            </TPX>
          </Extensions>
        </Trackpoint>
        <Trackpoint>
          <Time>2026-09-28T12:06:16Z</Time>
          <DistanceMeters>1337.9</DistanceMeters>
          <Cadence>19</Cadence>
          <SensorState>Present</SensorState>
          <Extensions>
            <TPX xmlns="https://www.garmin.com/xmlschemas/ActivityExtension/v2">
              <Watts>31</Watts>
            </TPX>
          </Extensions>
        </Trackpoint>
        <Trackpoint>
          <Time>2026-09-28T12:06:19Z</Time>
          <DistanceMeters>1344.6</DistanceMeters>
          <Cadence>19</Cadence>
          <SensorState>Present</SensorState>
          <Extensions>
            <TPX xmlns="https://www.garmin.com/xmlschemas/ActivityExtension/v2">
              <Watts>31</Watts>
            </TPX>
          </Extensions>
        </Trackpoint>
        <Trackpoint>
          <Time>2026-09-28T12:06:22Z</Time>
          <DistanceMeters>1351.4</DistanceMeters>
          <Cadence>19</Cadence>
          <SensorState>Present</SensorState>
          <Extensions>
            <TPX xmlns="https://www.garmin.com/xmlschemas/ActivityExtension/v2">
              <Watts>32</Watts>
            </TPX>
          </Extensions>
        </Trackpoint>
        <Trackpoint>
          <Time>2026-09-28T12:06:25Z</Time>
          <DistanceMeters>1358.2</DistanceMeters>
          <Cadence>20</Cadence>
          <SensorState>Present</SensorState>
          <Extensions>
            <TPX xmlns="https://www.garmin.com/xmlschemas/ActivityExtension/v2">
              <Watts>33</Watts>
            </TPX>
          </Extensions>
        </Trackpoint>
        <Trackpoint>
          <Time>2026-09-28T12:06:28Z</Time>
          <DistanceMeters>1365.1</DistanceMeters>
          <Cadence>20</Cadence>
          <SensorState>Present</SensorState>
          <Extensions>
            <TPX xmlns="https://www.garmin.com/xmlschemas/ActivityExtension/v2">
              <Watts>33</Watts>
            </TPX>
          </Extensions>
        </Trackpoint>
        <Trackpoint>
          <Time>2026-09-28T12:06:31Z</Time>
          <DistanceMeters>1372.5</DistanceMeters>
          <Cadence>19</Cadence>
          <SensorState>Present</SensorState>
          <Extensions>
            <TPX xmlns="https://www.garmin.com/xmlschemas/ActivityExtension/v2">
              <Watts>32</Watts>
            </TPX>
          </Extensions>
        </Trackpoint>
        <Trackpoint>
          <Time>2026-09-28T12:06:35Z</Time>
          <DistanceMeters>1380.5</DistanceMeters>
          <Cadence>17</Cadence>
          <SensorState>Present</SensorState>
          <Extensions>
            <TPX xmlns="https://www.garmin.com/xmlschemas/ActivityExtension/v2">
              <Watts>33</Watts>
            </TPX>
          </Extensions>
        </Trackpoint>
        <Trackpoint>
          <Time>2026-09-28T12:06:38Z</Time>
          <DistanceMeters>1388.7</DistanceMeters>
          <Cadence>17</Cadence>
          <SensorState>Present</SensorState>
          <Extensions>
            <TPX xmlns="https://www.garmin.com/xmlschemas/ActivityExtension/v2">
              <Watts>35</Watts>
            </TPX>
          </Extensions>
        </Trackpoint>
        <Trackpoint>
          <Time>2026-09-28T12:06:42Z</Time>
          <DistanceMeters>1396.9</DistanceMeters>
          <Cadence>17</Cadence>
          <SensorState>Present</SensorState>
          <Extensions>
            <TPX xmlns="https://www.garmin.com/xmlschemas/ActivityExtension/v2">
              <Watts>37</Watts>
            </TPX>
          </Extensions>
        </Trackpoint>
        <Trackpoint>
          <Time>2026-09-28T12:06:45Z</Time>
          <DistanceMeters>1404.6</DistanceMeters>
          <Cadence>17</Cadence>
          <SensorState>Present</SensorState>
          <Extensions>
            <TPX xmlns="https://www.garmin.com/xmlschemas/ActivityExtension/v2">
              <Watts>37</Watts>
            </TPX>
          </Extensions>
        </Trackpoint>
        <Trackpoint>
          <Time>2026-09-28T12:06:48Z</Time>
          <DistanceMeters>1412.4</DistanceMeters>
          <Cadence>19</Cadence>
          <SensorState>Present</SensorState>
          <Extensions>
            <TPX xmlns="https://www.garmin.com/xmlschemas/ActivityExtension/v2">
              <Watts>38</Watts>
            </TPX>
          </Extensions>
        </Trackpoint>
        <Trackpoint>
          <Time>2026-09-28T12:06:52Z</Time>
          <DistanceMeters>1420.2</DistanceMeters>
          <Cadence>19</Cadence>
          <SensorState>Present</SensorState>
          <Extensions>
            <TPX xmlns="https://www.garmin.com/xmlschemas/ActivityExtension/v2">
              <Watts>38</Watts>
            </TPX>
          </Extensions>
        </Trackpoint>
        <Trackpoint>
          <Time>2026-09-28T12:06:55Z</Time>
          <DistanceMeters>1428.2</DistanceMeters>
          <Cadence>19</Cadence>
          <SensorState>Present</SensorState>
          <Extensions>
            <TPX xmlns="https://www.garmin.com/xmlschemas/ActivityExtension/v2">
              <Watts>41</Watts>
            </TPX>
          </Extensions>
        </Trackpoint>
        <Trackpoint>
          <Time>2026-09-28T12:06:58Z</Time>
          <DistanceMeters>1436.7</DistanceMeters>
          <Cadence>18</Cadence>
          <SensorState>Present</SensorState>
          <Extensions>
            <TPX xmlns="https://www.garmin.com/xmlschemas/ActivityExtension/v2">
              <Watts>40</Watts>
            </TPX>
          </Extensions>
        </Trackpoint>
        <Trackpoint>
          <Time>2026-09-28T12:07:01Z</Time>
          <DistanceMeters>1443.9</DistanceMeters>
          <Cadence>18</Cadence>
          <SensorState>Present</SensorState>
          <Extensions>
            <TPX xmlns="https://www.garmin.com/xmlschemas/ActivityExtension/v2">
              <Watts>40</Watts>
            </TPX>
          </Extensions>
        </Trackpoint>
        <Trackpoint>
          <Time>2026-09-28T12:07:05Z</Time>
          <DistanceMeters>1451.5</DistanceMeters>
          <Cadence>19</Cadence>
          <SensorState>Present</SensorState>
          <Extensions>
            <TPX xmlns="https://www.garmin.com/xmlschemas/ActivityExtension/v2">
              <Watts>36</Watts>
            </TPX>
          </Extensions>
        </Trackpoint>
        <Trackpoint>
          <Time>2026-09-28T12:07:08Z</Time>
          <DistanceMeters>1459.1</DistanceMeters>
          <Cadence>19</Cadence>
          <SensorState>Present</SensorState>
          <Extensions>
            <TPX xmlns="https://www.garmin.com/xmlschemas/ActivityExtension/v2">
              <Watts>36</Watts>
            </TPX>
          </Extensions>
        </Trackpoint>
        <Trackpoint>
          <Time>2026-09-28T12:07:11Z</Time>
          <DistanceMeters>1466.8</DistanceMeters>
          <Cadence>19</Cadence>
          <SensorState>Present</SensorState>
          <Extensions>
            <TPX xmlns="https://www.garmin.com/xmlschemas/ActivityExtension/v2">
              <Watts>36</Watts>
            </TPX>
          </Extensions>
        </Trackpoint>
        <Trackpoint>
          <Time>2026-09-28T12:07:14Z</Time>
          <DistanceMeters>1474.3</DistanceMeters>
          <Cadence>19</Cadence>
          <SensorState>Present</SensorState>
          <Extensions>
            <TPX xmlns="https://www.garmin.com/xmlschemas/ActivityExtension/v2">
              <Watts>36</Watts>
            </TPX>
          </Extensions>
        </Trackpoint>
        <Trackpoint>
          <Time>2026-09-28T12:07:18Z</Time>
          <DistanceMeters>1482.6</DistanceMeters>
          <Cadence>17</Cadence>
          <SensorState>Present</SensorState>
          <Extensions>
            <TPX xmlns="https://www.garmin.com/xmlschemas/ActivityExtension/v2">
              <Watts>37</Watts>
            </TPX>
          </Extensions>
        </Trackpoint>
        <Trackpoint>
          <Time>2026-09-28T12:07:22Z</Time>
          <DistanceMeters>1491.5</DistanceMeters>
          <Cadence>17</Cadence>
          <SensorState>Present</SensorState>
          <Extensions>
            <TPX xmlns="https://www.garmin.com/xmlschemas/ActivityExtension/v2">
              <Watts>37</Watts>
            </TPX>
          </Extensions>
        </Trackpoint>
        <Trackpoint>
          <Time>2026-09-28T12:07:25Z</Time>
          <DistanceMeters>1499.2</DistanceMeters>
          <Cadence>16</Cadence>
          <SensorState>Present</SensorState>
          <Extensions>
            <TPX xmlns="https://www.garmin.com/xmlschemas/ActivityExtension/v2">
              <Watts>37</Watts>
            </TPX>
          </Extensions>
        </Trackpoint>
        <Trackpoint>
          <Time>2026-09-28T12:07:28Z</Time>
          <DistanceMeters>1506.3</DistanceMeters>
          <Cadence>20</Cadence>
          <SensorState>Present</SensorState>
          <Extensions>
            <TPX xmlns="https://www.garmin.com/xmlschemas/ActivityExtension/v2">
              <Watts>37</Watts>
            </TPX>
          </Extensions>
        </Trackpoint>
        <Trackpoint>
          <Time>2026-09-28T12:07:31Z</Time>
          <DistanceMeters>1514.1</DistanceMeters>
          <Cadence>19</Cadence>
          <SensorState>Present</SensorState>
          <Extensions>
            <TPX xmlns="https://www.garmin.com/xmlschemas/ActivityExtension/v2">
              <Watts>38</Watts>
            </TPX>
          </Extensions>
        </Trackpoint>
        <Trackpoint>
          <Time>2026-09-28T12:07:35Z</Time>
          <DistanceMeters>1522.9</DistanceMeters>
          <Cadence>16</Cadence>
          <SensorState>Present</SensorState>
          <Extensions>
            <TPX xmlns="https://www.garmin.com/xmlschemas/ActivityExtension/v2">
              <Watts>35</Watts>
            </TPX>
          </Extensions>
        </Trackpoint>
        <Trackpoint>
          <Time>2026-09-28T12:07:38Z</Time>
          <DistanceMeters>1530.4</DistanceMeters>
          <Cadence>18</Cadence>
          <SensorState>Present</SensorState>
          <Extensions>
            <TPX xmlns="https://www.garmin.com/xmlschemas/ActivityExtension/v2">
              <Watts>35</Watts>
            </TPX>
          </Extensions>
        </Trackpoint>
        <Trackpoint>
          <Time>2026-09-28T12:07:41Z</Time>
          <DistanceMeters>1537.4</DistanceMeters>
          <Cadence>18</Cadence>
          <SensorState>Present</SensorState>
          <Extensions>
            <TPX xmlns="https://www.garmin.com/xmlschemas/ActivityExtension/v2">
              <Watts>35</Watts>
            </TPX>
          </Extensions>
        </Trackpoint>
        <Trackpoint>
          <Time>2026-09-28T12:07:44Z</Time>
          <DistanceMeters>1545.1</DistanceMeters>
          <Cadence>19</Cadence>
          <SensorState>Present</SensorState>
          <Extensions>
            <TPX xmlns="https://www.garmin.com/xmlschemas/ActivityExtension/v2">
              <Watts>36</Watts>
            </TPX>
          </Extensions>
        </Trackpoint>
        <Trackpoint>
          <Time>2026-09-28T12:07:48Z</Time>
          <DistanceMeters>1553.2</DistanceMeters>
          <Cadence>18</Cadence>
          <SensorState>Present</SensorState>
          <Extensions>
            <TPX xmlns="https://www.garmin.com/xmlschemas/ActivityExtension/v2">
              <Watts>35</Watts>
            </TPX>
          </Extensions>
        </Trackpoint>
        <Trackpoint>
          <Time>2026-09-28T12:07:51Z</Time>
          <DistanceMeters>1561.5</DistanceMeters>
          <Cadence>17</Cadence>
          <SensorState>Present</SensorState>
          <Extensions>
            <TPX xmlns="https://www.garmin.com/xmlschemas/ActivityExtension/v2">
              <Watts>37</Watts>
            </TPX>
          </Extensions>
        </Trackpoint>
        <Trackpoint>
          <Time>2026-09-28T12:07:55Z</Time>
          <DistanceMeters>1570.9</DistanceMeters>
          <Cadence>15</Cadence>
          <SensorState>Present</SensorState>
          <Extensions>
            <TPX xmlns="https://www.garmin.com/xmlschemas/ActivityExtension/v2">
              <Watts>36</Watts>
            </TPX>
          </Extensions>
        </Trackpoint>
        <Trackpoint>
          <Time>2026-09-28T12:07:59Z</Time>
          <DistanceMeters>1579.1</DistanceMeters>
          <Cadence>16</Cadence>
          <SensorState>Present</SensorState>
          <Extensions>
            <TPX xmlns="https://www.garmin.com/xmlschemas/ActivityExtension/v2">
              <Watts>36</Watts>
            </TPX>
          </Extensions>
        </Trackpoint>
        <Trackpoint>
          <Time>2026-09-28T12:08:02Z</Time>
          <DistanceMeters>1587.5</DistanceMeters>
          <Cadence>17</Cadence>
          <SensorState>Present</SensorState>
          <Extensions>
            <TPX xmlns="https://www.garmin.com/xmlschemas/ActivityExtension/v2">
              <Watts>37</Watts>
            </TPX>
          </Extensions>
        </Trackpoint>
        <Trackpoint>
          <Time>2026-09-28T12:08:05Z</Time>
          <DistanceMeters>1594.6</DistanceMeters>
          <Cadence>17</Cadence>
          <SensorState>Present</SensorState>
          <Extensions>
            <TPX xmlns="https://www.garmin.com/xmlschemas/ActivityExtension/v2">
              <Watts>37</Watts>
            </TPX>
          </Extensions>
        </Trackpoint>
        <Trackpoint>
          <Time>2026-09-28T12:08:09Z</Time>
          <DistanceMeters>1602.5</DistanceMeters>
          <Cadence>19</Cadence>
          <SensorState>Present</SensorState>
          <Extensions>
            <TPX xmlns="https://www.garmin.com/xmlschemas/ActivityExtension/v2">
              <Watts>38</Watts>
            </TPX>
          </Extensions>
        </Trackpoint>
        <Trackpoint>
          <Time>2026-09-28T12:08:12Z</Time>
          <DistanceMeters>1610.2</DistanceMeters>
          <Cadence>19</Cadence>
          <SensorState>Present</SensorState>
          <Extensions>
            <TPX xmlns="https://www.garmin.com/xmlschemas/ActivityExtension/v2">
              <Watts>39</Watts>
            </TPX>
          </Extensions>
        </Trackpoint>
        <Trackpoint>
          <Time>2026-09-28T12:08:15Z</Time>
          <DistanceMeters>1617.9</DistanceMeters>
          <Cadence>19</Cadence>
          <SensorState>Present</SensorState>
          <Extensions>
            <TPX xmlns="https://www.garmin.com/xmlschemas/ActivityExtension/v2">
              <Watts>38</Watts>
            </TPX>
          </Extensions>
        </Trackpoint>
        <Trackpoint>
          <Time>2026-09-28T12:08:19Z</Time>
          <DistanceMeters>1626.1</DistanceMeters>
          <Cadence>18</Cadence>
          <SensorState>Present</SensorState>
          <Extensions>
            <TPX xmlns="https://www.garmin.com/xmlschemas/ActivityExtension/v2">
              <Watts>35</Watts>
            </TPX>
          </Extensions>
        </Trackpoint>
        <Trackpoint>
          <Time>2026-09-28T12:08:22Z</Time>
          <DistanceMeters>1633.5</DistanceMeters>
          <Cadence>18</Cadence>
          <SensorState>Present</SensorState>
          <Extensions>
            <TPX xmlns="https://www.garmin.com/xmlschemas/ActivityExtension/v2">
              <Watts>35</Watts>
            </TPX>
          </Extensions>
        </Trackpoint>
        <Trackpoint>
          <Time>2026-09-28T12:08:25Z</Time>
          <DistanceMeters>1641.9</DistanceMeters>
          <Cadence>18</Cadence>
          <SensorState>Present</SensorState>
          <Extensions>
            <TPX xmlns="https://www.garmin.com/xmlschemas/ActivityExtension/v2">
              <Watts>37</Watts>
            </TPX>
          </Extensions>
        </Trackpoint>
        <Trackpoint>
          <Time>2026-09-28T12:08:29Z</Time>
          <DistanceMeters>1649.5</DistanceMeters>
          <Cadence>18</Cadence>
          <SensorState>Present</SensorState>
          <Extensions>
            <TPX xmlns="https://www.garmin.com/xmlschemas/ActivityExtension/v2">
              <Watts>37</Watts>
            </TPX>
          </Extensions>
        </Trackpoint>
        <Trackpoint>
          <Time>2026-09-28T12:08:32Z</Time>
          <DistanceMeters>1657.2</DistanceMeters>
          <Cadence>18</Cadence>
          <SensorState>Present</SensorState>
          <Extensions>
            <TPX xmlns="https://www.garmin.com/xmlschemas/ActivityExtension/v2">
              <Watts>37</Watts>
            </TPX>
          </Extensions>
        </Trackpoint>
        <Trackpoint>
          <Time>2026-09-28T12:08:35Z</Time>
          <DistanceMeters>1664.9</DistanceMeters>
          <Cadence>19</Cadence>
          <SensorState>Present</SensorState>
          <Extensions>
            <TPX xmlns="https://www.garmin.com/xmlschemas/ActivityExtension/v2">
              <Watts>38</Watts>
            </TPX>
          </Extensions>
        </Trackpoint>
        <Trackpoint>
          <Time>2026-09-28T12:08:39Z</Time>
          <DistanceMeters>1673.2</DistanceMeters>
          <Cadence>17</Cadence>
          <SensorState>Present</SensorState>
          <Extensions>
            <TPX xmlns="https://www.garmin.com/xmlschemas/ActivityExtension/v2">
              <Watts>36</Watts>
            </TPX>
          </Extensions>
        </Trackpoint>
        <Trackpoint>
          <Time>2026-09-28T12:08:42Z</Time>
          <DistanceMeters>1681.4</DistanceMeters>
          <Cadence>18</Cadence>
          <SensorState>Present</SensorState>
          <Extensions>
            <TPX xmlns="https://www.garmin.com/xmlschemas/ActivityExtension/v2">
              <Watts>35</Watts>
            </TPX>
          </Extensions>
        </Trackpoint>
        <Trackpoint>
          <Time>2026-09-28T12:08:45Z</Time>
          <DistanceMeters>1688.9</DistanceMeters>
          <Cadence>18</Cadence>
          <SensorState>Present</SensorState>
          <Extensions>
            <TPX xmlns="https://www.garmin.com/xmlschemas/ActivityExtension/v2">
              <Watts>35</Watts>
            </TPX>
          </Extensions>
        </Trackpoint>
        <Trackpoint>
          <Time>2026-09-28T12:08:49Z</Time>
          <DistanceMeters>1696.5</DistanceMeters>
          <Cadence>18</Cadence>
          <SensorState>Present</SensorState>
          <Extensions>
            <TPX xmlns="https://www.garmin.com/xmlschemas/ActivityExtension/v2">
              <Watts>35</Watts>
            </TPX>
          </Extensions>
        </Trackpoint>
        <Trackpoint>
          <Time>2026-09-28T12:08:52Z</Time>
          <DistanceMeters>1704.2</DistanceMeters>
          <Cadence>18</Cadence>
          <SensorState>Present</SensorState>
          <Extensions>
            <TPX xmlns="https://www.garmin.com/xmlschemas/ActivityExtension/v2">
              <Watts>36</Watts>
            </TPX>
          </Extensions>
        </Trackpoint>
        <Trackpoint>
          <Time>2026-09-28T12:08:55Z</Time>
          <DistanceMeters>1712.5</DistanceMeters>
          <Cadence>18</Cadence>
          <SensorState>Present</SensorState>
          <Extensions>
            <TPX xmlns="https://www.garmin.com/xmlschemas/ActivityExtension/v2">
              <Watts>37</Watts>
            </TPX>
          </Extensions>
        </Trackpoint>
        <Trackpoint>
          <Time>2026-09-28T12:08:58Z</Time>
          <DistanceMeters>1719.6</DistanceMeters>
          <Cadence>18</Cadence>
          <SensorState>Present</SensorState>
          <Extensions>
            <TPX xmlns="https://www.garmin.com/xmlschemas/ActivityExtension/v2">
              <Watts>37</Watts>
            </TPX>
          </Extensions>
        </Trackpoint>
        <Trackpoint>
          <Time>2026-09-28T12:09:02Z</Time>
          <DistanceMeters>1727.3</DistanceMeters>
          <Cadence>19</Cadence>
          <SensorState>Present</SensorState>
          <Extensions>
            <TPX xmlns="https://www.garmin.com/xmlschemas/ActivityExtension/v2">
              <Watts>37</Watts>
            </TPX>
          </Extensions>
        </Trackpoint>
        <Trackpoint>
          <Time>2026-09-28T12:09:05Z</Time>
          <DistanceMeters>1734.4</DistanceMeters>
          <Cadence>20</Cadence>
          <SensorState>Present</SensorState>
          <Extensions>
            <TPX xmlns="https://www.garmin.com/xmlschemas/ActivityExtension/v2">
              <Watts>37</Watts>
            </TPX>
          </Extensions>
        </Trackpoint>
        <Trackpoint>
          <Time>2026-09-28T12:09:08Z</Time>
          <DistanceMeters>1743</DistanceMeters>
          <Cadence>16</Cadence>
          <SensorState>Present</SensorState>
          <Extensions>
            <TPX xmlns="https://www.garmin.com/xmlschemas/ActivityExtension/v2">
              <Watts>34</Watts>
            </TPX>
          </Extensions>
        </Trackpoint>
        <Trackpoint>
          <Time>2026-09-28T12:09:12Z</Time>
          <DistanceMeters>1751.1</DistanceMeters>
          <Cadence>17</Cadence>
          <SensorState>Present</SensorState>
          <Extensions>
            <TPX xmlns="https://www.garmin.com/xmlschemas/ActivityExtension/v2">
              <Watts>34</Watts>
            </TPX>
          </Extensions>
        </Trackpoint>
        <Trackpoint>
          <Time>2026-09-28T12:09:15Z</Time>
          <DistanceMeters>1759.3</DistanceMeters>
          <Cadence>17</Cadence>
          <SensorState>Present</SensorState>
          <Extensions>
            <TPX xmlns="https://www.garmin.com/xmlschemas/ActivityExtension/v2">
              <Watts>36</Watts>
            </TPX>
          </Extensions>
        </Trackpoint>
        <Trackpoint>
          <Time>2026-09-28T12:09:19Z</Time>
          <DistanceMeters>1767</DistanceMeters>
          <Cadence>18</Cadence>
          <SensorState>Present</SensorState>
          <Extensions>
            <TPX xmlns="https://www.garmin.com/xmlschemas/ActivityExtension/v2">
              <Watts>37</Watts>
            </TPX>
          </Extensions>
        </Trackpoint>
        <Trackpoint>
          <Time>2026-09-28T12:09:22Z</Time>
          <DistanceMeters>1774.2</DistanceMeters>
          <Cadence>18</Cadence>
          <SensorState>Present</SensorState>
          <Extensions>
            <TPX xmlns="https://www.garmin.com/xmlschemas/ActivityExtension/v2">
              <Watts>37</Watts>
            </TPX>
          </Extensions>
        </Trackpoint>
        <Trackpoint>
          <Time>2026-09-28T12:09:25Z</Time>
          <DistanceMeters>1782.6</DistanceMeters>
          <Cadence>18</Cadence>
          <SensorState>Present</SensorState>
          <Extensions>
            <TPX xmlns="https://www.garmin.com/xmlschemas/ActivityExtension/v2">
              <Watts>37</Watts>
            </TPX>
          </Extensions>
        </Trackpoint>
        <Trackpoint>
          <Time>2026-09-28T12:09:29Z</Time>
          <DistanceMeters>1790.7</DistanceMeters>
          <Cadence>17</Cadence>
          <SensorState>Present</SensorState>
          <Extensions>
            <TPX xmlns="https://www.garmin.com/xmlschemas/ActivityExtension/v2">
              <Watts>35</Watts>
            </TPX>
          </Extensions>
        </Trackpoint>
        <Trackpoint>
          <Time>2026-09-28T12:09:32Z</Time>
          <DistanceMeters>1797.7</DistanceMeters>
          <Cadence>19</Cadence>
          <SensorState>Present</SensorState>
          <Extensions>
            <TPX xmlns="https://www.garmin.com/xmlschemas/ActivityExtension/v2">
              <Watts>35</Watts>
            </TPX>
          </Extensions>
        </Trackpoint>
        <Trackpoint>
          <Time>2026-09-28T12:09:35Z</Time>
          <DistanceMeters>1805.9</DistanceMeters>
          <Cadence>18</Cadence>
          <SensorState>Present</SensorState>
          <Extensions>
            <TPX xmlns="https://www.garmin.com/xmlschemas/ActivityExtension/v2">
              <Watts>36</Watts>
            </TPX>
          </Extensions>
        </Trackpoint>
        <Trackpoint>
          <Time>2026-09-28T12:09:38Z</Time>
          <DistanceMeters>1813.5</DistanceMeters>
          <Cadence>18</Cadence>
          <SensorState>Present</SensorState>
          <Extensions>
            <TPX xmlns="https://www.garmin.com/xmlschemas/ActivityExtension/v2">
              <Watts>36</Watts>
            </TPX>
          </Extensions>
        </Trackpoint>
        <Trackpoint>
          <Time>2026-09-28T12:09:42Z</Time>
          <DistanceMeters>1821.2</DistanceMeters>
          <Cadence>19</Cadence>
          <SensorState>Present</SensorState>
          <Extensions>
            <TPX xmlns="https://www.garmin.com/xmlschemas/ActivityExtension/v2">
              <Watts>37</Watts>
            </TPX>
          </Extensions>
        </Trackpoint>
        <Trackpoint>
          <Time>2026-09-28T12:09:45Z</Time>
          <DistanceMeters>1828.3</DistanceMeters>
          <Cadence>19</Cadence>
          <SensorState>Present</SensorState>
          <Extensions>
            <TPX xmlns="https://www.garmin.com/xmlschemas/ActivityExtension/v2">
              <Watts>37</Watts>
            </TPX>
          </Extensions>
        </Trackpoint>
        <Trackpoint>
          <Time>2026-09-28T12:09:48Z</Time>
          <DistanceMeters>1835.9</DistanceMeters>
          <Cadence>19</Cadence>
          <SensorState>Present</SensorState>
          <Extensions>
            <TPX xmlns="https://www.garmin.com/xmlschemas/ActivityExtension/v2">
              <Watts>35</Watts>
            </TPX>
          </Extensions>
        </Trackpoint>
        <Trackpoint>
          <Time>2026-09-28T12:09:51Z</Time>
          <DistanceMeters>1843.4</DistanceMeters>
          <Cadence>19</Cadence>
          <SensorState>Present</SensorState>
          <Extensions>
            <TPX xmlns="https://www.garmin.com/xmlschemas/ActivityExtension/v2">
              <Watts>35</Watts>
            </TPX>
          </Extensions>
        </Trackpoint>
        <Trackpoint>
          <Time>2026-09-28T12:09:54Z</Time>
          <DistanceMeters>1851.1</DistanceMeters>
          <Cadence>18</Cadence>
          <SensorState>Present</SensorState>
          <Extensions>
            <TPX xmlns="https://www.garmin.com/xmlschemas/ActivityExtension/v2">
              <Watts>36</Watts>
            </TPX>
          </Extensions>
        </Trackpoint>
        <Trackpoint>
          <Time>2026-09-28T12:09:58Z</Time>
          <DistanceMeters>1858.9</DistanceMeters>
          <Cadence>18</Cadence>
          <SensorState>Present</SensorState>
          <Extensions>
            <TPX xmlns="https://www.garmin.com/xmlschemas/ActivityExtension/v2">
              <Watts>38</Watts>
            </TPX>
          </Extensions>
        </Trackpoint>
        <Trackpoint>
          <Time>2026-09-28T12:10:01Z</Time>
          <DistanceMeters>1867.2</DistanceMeters>
          <Cadence>18</Cadence>
          <SensorState>Present</SensorState>
          <Extensions>
            <TPX xmlns="https://www.garmin.com/xmlschemas/ActivityExtension/v2">
              <Watts>38</Watts>
            </TPX>
          </Extensions>
        </Trackpoint>
        <Trackpoint>
          <Time>2026-09-28T12:10:04Z</Time>
          <DistanceMeters>1875.1</DistanceMeters>
          <Cadence>18</Cadence>
          <SensorState>Present</SensorState>
          <Extensions>
            <TPX xmlns="https://www.garmin.com/xmlschemas/ActivityExtension/v2">
              <Watts>39</Watts>
            </TPX>
          </Extensions>
        </Trackpoint>
        <Trackpoint>
          <Time>2026-09-28T12:10:09Z</Time>
          <DistanceMeters>1884.8</DistanceMeters>
          <Cadence>14</Cadence>
          <SensorState>Present</SensorState>
          <Extensions>
            <TPX xmlns="https://www.garmin.com/xmlschemas/ActivityExtension/v2">
              <Watts>34</Watts>
            </TPX>
          </Extensions>
        </Trackpoint>
        <Trackpoint>
          <Time>2026-09-28T12:10:12Z</Time>
          <DistanceMeters>1892.1</DistanceMeters>
          <Cadence>18</Cadence>
          <SensorState>Present</SensorState>
          <Extensions>
            <TPX xmlns="https://www.garmin.com/xmlschemas/ActivityExtension/v2">
              <Watts>31</Watts>
            </TPX>
          </Extensions>
        </Trackpoint>
        <Trackpoint>
          <Time>2026-09-28T12:10:15Z</Time>
          <DistanceMeters>1898.2</DistanceMeters>
          <Cadence>18</Cadence>
          <SensorState>Present</SensorState>
          <Extensions>
            <TPX xmlns="https://www.garmin.com/xmlschemas/ActivityExtension/v2">
              <Watts>31</Watts>
            </TPX>
          </Extensions>
        </Trackpoint>
        <Trackpoint>
          <Time>2026-09-28T12:10:18Z</Time>
          <DistanceMeters>1905.3</DistanceMeters>
          <Cadence>19</Cadence>
          <SensorState>Present</SensorState>
          <Extensions>
            <TPX xmlns="https://www.garmin.com/xmlschemas/ActivityExtension/v2">
              <Watts>28</Watts>
            </TPX>
          </Extensions>
        </Trackpoint>
        <Trackpoint>
          <Time>2026-09-28T12:10:21Z</Time>
          <DistanceMeters>1911.1</DistanceMeters>
          <Cadence>21</Cadence>
          <SensorState>Present</SensorState>
          <Extensions>
            <TPX xmlns="https://www.garmin.com/xmlschemas/ActivityExtension/v2">
              <Watts>27</Watts>
            </TPX>
          </Extensions>
        </Trackpoint>
        <Trackpoint>
          <Time>2026-09-28T12:10:24Z</Time>
          <DistanceMeters>1917.6</DistanceMeters>
          <Cadence>20</Cadence>
          <SensorState>Present</SensorState>
          <Extensions>
            <TPX xmlns="https://www.garmin.com/xmlschemas/ActivityExtension/v2">
              <Watts>27</Watts>
            </TPX>
          </Extensions>
        </Trackpoint>
        <Trackpoint>
          <Time>2026-09-28T12:10:27Z</Time>
          <DistanceMeters>1924</DistanceMeters>
          <Cadence>21</Cadence>
          <SensorState>Present</SensorState>
          <Extensions>
            <TPX xmlns="https://www.garmin.com/xmlschemas/ActivityExtension/v2">
              <Watts>28</Watts>
            </TPX>
          </Extensions>
        </Trackpoint>
        <Trackpoint>
          <Time>2026-09-28T12:10:30Z</Time>
          <DistanceMeters>1930.6</DistanceMeters>
          <Cadence>20</Cadence>
          <SensorState>Present</SensorState>
          <Extensions>
            <TPX xmlns="https://www.garmin.com/xmlschemas/ActivityExtension/v2">
              <Watts>30</Watts>
            </TPX>
          </Extensions>
        </Trackpoint>
        <Trackpoint>
          <Time>2026-09-28T12:10:33Z</Time>
          <DistanceMeters>1937.4</DistanceMeters>
          <Cadence>20</Cadence>
          <SensorState>Present</SensorState>
          <Extensions>
            <TPX xmlns="https://www.garmin.com/xmlschemas/ActivityExtension/v2">
              <Watts>30</Watts>
            </TPX>
          </Extensions>
        </Trackpoint>
        <Trackpoint>
          <Time>2026-09-28T12:10:36Z</Time>
          <DistanceMeters>1944.1</DistanceMeters>
          <Cadence>20</Cadence>
          <SensorState>Present</SensorState>
          <Extensions>
            <TPX xmlns="https://www.garmin.com/xmlschemas/ActivityExtension/v2">
              <Watts>32</Watts>
            </TPX>
          </Extensions>
        </Trackpoint>
        <Trackpoint>
          <Time>2026-09-28T12:10:39Z</Time>
          <DistanceMeters>1950.9</DistanceMeters>
          <Cadence>21</Cadence>
          <SensorState>Present</SensorState>
          <Extensions>
            <TPX xmlns="https://www.garmin.com/xmlschemas/ActivityExtension/v2">
              <Watts>32</Watts>
            </TPX>
          </Extensions>
        </Trackpoint>
        <Trackpoint>
          <Time>2026-09-28T12:10:42Z</Time>
          <DistanceMeters>1957.6</DistanceMeters>
          <Cadence>21</Cadence>
          <SensorState>Present</SensorState>
          <Extensions>
            <TPX xmlns="https://www.garmin.com/xmlschemas/ActivityExtension/v2">
              <Watts>32</Watts>
            </TPX>
          </Extensions>
        </Trackpoint>
        <Trackpoint>
          <Time>2026-09-28T12:10:45Z</Time>
          <DistanceMeters>1964.4</DistanceMeters>
          <Cadence>20</Cadence>
          <SensorState>Present</SensorState>
          <Extensions>
            <TPX xmlns="https://www.garmin.com/xmlschemas/ActivityExtension/v2">
              <Watts>32</Watts>
            </TPX>
          </Extensions>
        </Trackpoint>
        <Trackpoint>
          <Time>2026-09-28T12:10:48Z</Time>
          <DistanceMeters>1971.8</DistanceMeters>
          <Cadence>19</Cadence>
          <SensorState>Present</SensorState>
          <Extensions>
            <TPX xmlns="https://www.garmin.com/xmlschemas/ActivityExtension/v2">
              <Watts>33</Watts>
            </TPX>
          </Extensions>
        </Trackpoint>
        <Trackpoint>
          <Time>2026-09-28T12:10:51Z</Time>
          <DistanceMeters>1978.6</DistanceMeters>
          <Cadence>19</Cadence>
          <SensorState>Present</SensorState>
          <Extensions>
            <TPX xmlns="https://www.garmin.com/xmlschemas/ActivityExtension/v2">
              <Watts>33</Watts>
            </TPX>
          </Extensions>
        </Trackpoint>
        <Trackpoint>
          <Time>2026-09-28T12:10:54Z</Time>
          <DistanceMeters>1985.5</DistanceMeters>
          <Cadence>20</Cadence>
          <SensorState>Present</SensorState>
          <Extensions>
            <TPX xmlns="https://www.garmin.com/xmlschemas/ActivityExtension/v2">
              <Watts>34</Watts>
            </TPX>
          </Extensions>
        </Trackpoint>
        <Trackpoint>
          <Time>2026-09-28T12:10:57Z</Time>
          <DistanceMeters>1992.4</DistanceMeters>
          <Cadence>20</Cadence>
          <SensorState>Present</SensorState>
          <Extensions>
            <TPX xmlns="https://www.garmin.com/xmlschemas/ActivityExtension/v2">
              <Watts>33</Watts>
            </TPX>
          </Extensions>
        </Trackpoint>
        <Trackpoint>
          <Time>2026-09-28T12:11:00Z</Time>
          <DistanceMeters>1999.3</DistanceMeters>
          <Cadence>21</Cadence>
          <SensorState>Present</SensorState>
          <Extensions>
            <TPX xmlns="https://www.garmin.com/xmlschemas/ActivityExtension/v2">
              <Watts>34</Watts>
            </TPX>
          </Extensions>
        </Trackpoint>
      </Track>
    </Lap>
  <Creator xsi:type="Device_t">
    <Name>Concept2</Name>
    <ProductID>5</ProductID>
    <Version>
      <VersionMajor>1</VersionMajor>
      <VersionMinor>0</VersionMinor>
      <BuildMajor>1</BuildMajor>
      <BuildMinor>0</BuildMinor>
    </Version>
  </Creator>
</Activity>
</Activities>
<Author xsi:type="Application_t">
  <Name></Name>
  <Build>
    <Version>
      <VersionMajor>1</VersionMajor>
      <VersionMinor>0</VersionMinor>
      <BuildMajor>1</BuildMajor>
      <BuildMinor>0</BuildMinor>
    </Version>
  </Build>
  <LangID>en</LangID>
</Author>
</TrainingCenterDatabase>
