<?xml version="1.0" encoding="utf-8"?><TrainingCenterDatabase
xsi:schemaLocation="https://www.garmin.com/xmlschemas/TrainingCenterDatabase/v2 https://www.garmin.com/xmlschemas/TrainingCenterDatabasev2.xsd"
xmlns:ns5="https://www.garmin.com/xmlschemas/ActivityGoals/v1"
xmlns:ns3="https://www.garmin.com/xmlschemas/ActivityExtension/v2"
xmlns:ns2="https://www.garmin.com/xmlschemas/UserProfile/v2"
xmlns="https://www.garmin.com/xmlschemas/TrainingCenterDatabase/v2"
xmlns:xsi="https://www.w3.org/2001/XMLSchema-instance" xmlns:ns4="https://www.garmin.com/xmlschemas/ProfileExtension/v1">
<Activities>
<Activity Sport="Other">
  <Id>2026-05-13T12:01:26Z</Id>
    <Lap StartTime="2026-05-13T12:01:26Z ">
      <TotalTimeSeconds>994.5</TotalTimeSeconds>
      <DistanceMeters>3000</DistanceMeters>
      <MaximumSpeed>3.47</MaximumSpeed>
      <Calories>158</Calories>
      <Intensity>Active</Intensity>
      <TriggerMethod>Manual</TriggerMethod>
      <Track>
        <Trackpoint>
          <Time>2026-05-13T12:01:26Z</Time>
          <DistanceMeters>1.2</DistanceMeters>
          <Cadence>0</Cadence>
          <SensorState>Present</SensorState>
          <Extensions>
            <TPX xmlns="https://www.garmin.com/xmlschemas/ActivityExtension/v2">
              <Watts></Watts>
            </TPX>
          </Extensions>
        </Trackpoint>
        <Trackpoint>
          <Time>2026-05-13T12:01:29Z</Time>
          <DistanceMeters>7.5</DistanceMeters>
          <Cadence>0</Cadence>
          <SensorState>Present</SensorState>
          <Extensions>
            <TPX xmlns="https://www.garmin.com/xmlschemas/ActivityExtension/v2">
              <Watts>21</Watts>
            </TPX>
          </Extensions>
        </Trackpoint>
        <Trackpoint>
          <Time>2026-05-13T12:01:33Z</Time>
          <DistanceMeters>15.8</DistanceMeters>
          <Cadence>18</Cadence>
          <SensorState>Present</SensorState>
          <Extensions>
            <TPX xmlns="https://www.garmin.com/xmlschemas/ActivityExtension/v2">
              <Watts>26</Watts>
            </TPX>
          </Extensions>
        </Trackpoint>
        <Trackpoint>
          <Time>2026-05-13T12:01:36Z</Time>
          <DistanceMeters>22.3</DistanceMeters>
          <Cadence>17</Cadence>
          <SensorState>Present</SensorState>
          <Extensions>
            <TPX xmlns="https://www.garmin.com/xmlschemas/ActivityExtension/v2">
              <Watts>24</Watts>
            </TPX>
          </Extensions>
        </Trackpoint>
        <Trackpoint>
          <Time>2026-05-13T12:01:41Z</Time>
          <DistanceMeters>33.5</DistanceMeters>
          <Cadence>17</Cadence>
          <SensorState>Present</SensorState>
          <Extensions>
            <TPX xmlns="https://www.garmin.com/xmlschemas/ActivityExtension/v2">
              <Watts>29</Watts>
            </TPX>
          </Extensions>
        </Trackpoint>
        <Trackpoint>
          <Time>2026-05-13T12:01:44Z</Time>
          <DistanceMeters>40.2</DistanceMeters>
          <Cadence>14</Cadence>
          <SensorState>Present</SensorState>
          <Extensions>
            <TPX xmlns="https://www.garmin.com/xmlschemas/ActivityExtension/v2">
              <Watts>31</Watts>
            </TPX>
          </Extensions>
        </Trackpoint>
        <Trackpoint>
          <Time>2026-05-13T12:01:48Z</Time>
          <DistanceMeters>49.9</DistanceMeters>
          <Cadence>17</Cadence>
          <SensorState>Present</SensorState>
          <Extensions>
            <TPX xmlns="https://www.garmin.com/xmlschemas/ActivityExtension/v2">
              <Watts>34</Watts>
            </TPX>
          </Extensions>
        </Trackpoint>
        <Trackpoint>
          <Time>2026-05-13T12:01:51Z</Time>
          <DistanceMeters>57.1</DistanceMeters>
          <Cadence>17</Cadence>
          <SensorState>Present</SensorState>
          <Extensions>
            <TPX xmlns="https://www.garmin.com/xmlschemas/ActivityExtension/v2">
              <Watts>39</Watts>
            </TPX>
          </Extensions>
        </Trackpoint>
        <Trackpoint>
          <Time>2026-05-13T12:01:55Z</Time>
          <DistanceMeters>67</DistanceMeters>
          <Cadence>18</Cadence>
          <SensorState>Present</SensorState>
          <Extensions>
            <TPX xmlns="https://www.garmin.com/xmlschemas/ActivityExtension/v2">
              <Watts>40</Watts>
            </TPX>
          </Extensions>
        </Trackpoint>
        <Trackpoint>
          <Time>2026-05-13T12:01:58Z</Time>
          <DistanceMeters>74.8</DistanceMeters>
          <Cadence>17</Cadence>
          <SensorState>Present</SensorState>
          <Extensions>
            <TPX xmlns="https://www.garmin.com/xmlschemas/ActivityExtension/v2">
              <Watts>42</Watts>
            </TPX>
          </Extensions>
        </Trackpoint>
        <Trackpoint>
          <Time>2026-05-13T12:02:02Z</Time>
          <DistanceMeters>85.3</DistanceMeters>
          <Cadence>18</Cadence>
          <SensorState>Present</SensorState>
          <Extensions>
            <TPX xmlns="https://www.garmin.com/xmlschemas/ActivityExtension/v2">
              <Watts>50</Watts>
            </TPX>
          </Extensions>
        </Trackpoint>
        <Trackpoint>
          <Time>2026-05-13T12:02:05Z</Time>
          <DistanceMeters>93</DistanceMeters>
          <Cadence>16</Cadence>
          <SensorState>Present</SensorState>
          <Extensions>
            <TPX xmlns="https://www.garmin.com/xmlschemas/ActivityExtension/v2">
              <Watts>49</Watts>
            </TPX>
          </Extensions>
        </Trackpoint>
        <Trackpoint>
          <Time>2026-05-13T12:02:09Z</Time>
          <DistanceMeters>103.4</DistanceMeters>
          <Cadence>17</Cadence>
          <SensorState>Present</SensorState>
          <Extensions>
            <TPX xmlns="https://www.garmin.com/xmlschemas/ActivityExtension/v2">
              <Watts>47</Watts>
            </TPX>
          </Extensions>
        </Trackpoint>
        <Trackpoint>
          <Time>2026-05-13T12:02:12Z</Time>
          <DistanceMeters>111.1</DistanceMeters>
          <Cadence>18</Cadence>
          <SensorState>Present</SensorState>
          <Extensions>
            <TPX xmlns="https://www.garmin.com/xmlschemas/ActivityExtension/v2">
              <Watts>47</Watts>
            </TPX>
          </Extensions>
        </Trackpoint>
        <Trackpoint>
          <Time>2026-05-13T12:02:15Z</Time>
          <DistanceMeters>118.8</DistanceMeters>
          <Cadence>18</Cadence>
          <SensorState>Present</SensorState>
          <Extensions>
            <TPX xmlns="https://www.garmin.com/xmlschemas/ActivityExtension/v2">
              <Watts>49</Watts>
            </TPX>
          </Extensions>
        </Trackpoint>
        <Trackpoint>
          <Time>2026-05-13T12:02:19Z</Time>
          <DistanceMeters>129</DistanceMeters>
          <Cadence>18</Cadence>
          <SensorState>Present</SensorState>
          <Extensions>
            <TPX xmlns="https://www.garmin.com/xmlschemas/ActivityExtension/v2">
              <Watts>47</Watts>
            </TPX>
          </Extensions>
        </Trackpoint>
        <Trackpoint>
          <Time>2026-05-13T12:02:22Z</Time>
          <DistanceMeters>136.9</DistanceMeters>
          <Cadence>16</Cadence>
          <SensorState>Present</SensorState>
          <Extensions>
            <TPX xmlns="https://www.garmin.com/xmlschemas/ActivityExtension/v2">
              <Watts>48</Watts>
            </TPX>
          </Extensions>
        </Trackpoint>
        <Trackpoint>
          <Time>2026-05-13T12:02:26Z</Time>
          <DistanceMeters>147.4</DistanceMeters>
          <Cadence>21</Cadence>
          <SensorState>Present</SensorState>
          <Extensions>
            <TPX xmlns="https://www.garmin.com/xmlschemas/ActivityExtension/v2">
              <Watts>51</Watts>
            </TPX>
          </Extensions>
        </Trackpoint>
        <Trackpoint>
          <Time>2026-05-13T12:02:29Z</Time>
          <DistanceMeters>155.3</DistanceMeters>
          <Cadence>14</Cadence>
          <SensorState>Present</SensorState>
          <Extensions>
            <TPX xmlns="https://www.garmin.com/xmlschemas/ActivityExtension/v2">
              <Watts>48</Watts>
            </TPX>
          </Extensions>
        </Trackpoint>
        <Trackpoint>
          <Time>2026-05-13T12:02:33Z</Time>
          <DistanceMeters>166</DistanceMeters>
          <Cadence>19</Cadence>
          <SensorState>Present</SensorState>
          <Extensions>
            <TPX xmlns="https://www.garmin.com/xmlschemas/ActivityExtension/v2">
              <Watts>53</Watts>
            </TPX>
          </Extensions>
        </Trackpoint>
        <Trackpoint>
          <Time>2026-05-13T12:02:36Z</Time>
          <DistanceMeters>173.9</DistanceMeters>
          <Cadence>19</Cadence>
          <SensorState>Present</SensorState>
          <Extensions>
            <TPX xmlns="https://www.garmin.com/xmlschemas/ActivityExtension/v2">
              <Watts>53</Watts>
            </TPX>
          </Extensions>
        </Trackpoint>
        <Trackpoint>
          <Time>2026-05-13T12:02:39Z</Time>
          <DistanceMeters>181.9</DistanceMeters>
          <Cadence>17</Cadence>
          <SensorState>Present</SensorState>
          <Extensions>
            <TPX xmlns="https://www.garmin.com/xmlschemas/ActivityExtension/v2">
              <Watts>53</Watts>
            </TPX>
          </Extensions>
        </Trackpoint>
        <Trackpoint>
          <Time>2026-05-13T12:02:43Z</Time>
          <DistanceMeters>192.6</DistanceMeters>
          <Cadence>18</Cadence>
          <SensorState>Present</SensorState>
          <Extensions>
            <TPX xmlns="https://www.garmin.com/xmlschemas/ActivityExtension/v2">
              <Watts>52</Watts>
            </TPX>
          </Extensions>
        </Trackpoint>
        <Trackpoint>
          <Time>2026-05-13T12:02:46Z</Time>
          <DistanceMeters>200.6</DistanceMeters>
          <Cadence>18</Cadence>
          <SensorState>Present</SensorState>
          <Extensions>
            <TPX xmlns="https://www.garmin.com/xmlschemas/ActivityExtension/v2">
              <Watts>53</Watts>
            </TPX>
          </Extensions>
        </Trackpoint>
        <Trackpoint>
          <Time>2026-05-13T12:02:50Z</Time>
          <DistanceMeters>211.5</DistanceMeters>
          <Cadence>17</Cadence>
          <SensorState>Present</SensorState>
          <Extensions>
            <TPX xmlns="https://www.garmin.com/xmlschemas/ActivityExtension/v2">
              <Watts>54</Watts>
            </TPX>
          </Extensions>
        </Trackpoint>
        <Trackpoint>
          <Time>2026-05-13T12:02:53Z</Time>
          <DistanceMeters>219.6</DistanceMeters>
          <Cadence>17</Cadence>
          <SensorState>Present</SensorState>
          <Extensions>
            <TPX xmlns="https://www.garmin.com/xmlschemas/ActivityExtension/v2">
              <Watts>54</Watts>
            </TPX>
          </Extensions>
        </Trackpoint>
        <Trackpoint>
          <Time>2026-05-13T12:02:57Z</Time>
          <DistanceMeters>230.2</DistanceMeters>
          <Cadence>18</Cadence>
          <SensorState>Present</SensorState>
          <Extensions>
            <TPX xmlns="https://www.garmin.com/xmlschemas/ActivityExtension/v2">
              <Watts>57</Watts>
            </TPX>
          </Extensions>
        </Trackpoint>
        <Trackpoint>
          <Time>2026-05-13T12:03:00Z</Time>
          <DistanceMeters>238.3</DistanceMeters>
          <Cadence>14</Cadence>
          <SensorState>Present</SensorState>
          <Extensions>
            <TPX xmlns="https://www.garmin.com/xmlschemas/ActivityExtension/v2">
              <Watts>52</Watts>
            </TPX>
          </Extensions>
        </Trackpoint>
        <Trackpoint>
          <Time>2026-05-13T12:03:03Z</Time>
          <DistanceMeters>246.3</DistanceMeters>
          <Cadence>18</Cadence>
          <SensorState>Present</SensorState>
          <Extensions>
            <TPX xmlns="https://www.garmin.com/xmlschemas/ActivityExtension/v2">
              <Watts>53</Watts>
            </TPX>
          </Extensions>
        </Trackpoint>
        <Trackpoint>
          <Time>2026-05-13T12:03:07Z</Time>
          <DistanceMeters>257.2</DistanceMeters>
          <Cadence>20</Cadence>
          <SensorState>Present</SensorState>
          <Extensions>
            <TPX xmlns="https://www.garmin.com/xmlschemas/ActivityExtension/v2">
              <Watts>55</Watts>
            </TPX>
          </Extensions>
        </Trackpoint>
        <Trackpoint>
          <Time>2026-05-13T12:03:10Z</Time>
          <DistanceMeters>265.2</DistanceMeters>
          <Cadence>18</Cadence>
          <SensorState>Present</SensorState>
          <Extensions>
            <TPX xmlns="https://www.garmin.com/xmlschemas/ActivityExtension/v2">
              <Watts>55</Watts>
            </TPX>
          </Extensions>
        </Trackpoint>
        <Trackpoint>
          <Time>2026-05-13T12:03:13Z</Time>
          <DistanceMeters>273.4</DistanceMeters>
          <Cadence>17</Cadence>
          <SensorState>Present</SensorState>
          <Extensions>
            <TPX xmlns="https://www.garmin.com/xmlschemas/ActivityExtension/v2">
              <Watts>54</Watts>
            </TPX>
          </Extensions>
        </Trackpoint>
        <Trackpoint>
          <Time>2026-05-13T12:03:16Z</Time>
          <DistanceMeters>281.7</DistanceMeters>
          <Cadence>20</Cadence>
          <SensorState>Present</SensorState>
          <Extensions>
            <TPX xmlns="https://www.garmin.com/xmlschemas/ActivityExtension/v2">
              <Watts>57</Watts>
            </TPX>
          </Extensions>
        </Trackpoint>
        <Trackpoint>
          <Time>2026-05-13T12:03:19Z</Time>
          <DistanceMeters>289.8</DistanceMeters>
          <Cadence>20</Cadence>
          <SensorState>Present</SensorState>
          <Extensions>
            <TPX xmlns="https://www.garmin.com/xmlschemas/ActivityExtension/v2">
              <Watts>58</Watts>
            </TPX>
          </Extensions>
        </Trackpoint>
        <Trackpoint>
          <Time>2026-05-13T12:03:22Z</Time>
          <DistanceMeters>298</DistanceMeters>
          <Cadence>20</Cadence>
          <SensorState>Present</SensorState>
          <Extensions>
            <TPX xmlns="https://www.garmin.com/xmlschemas/ActivityExtension/v2">
              <Watts>55</Watts>
            </TPX>
          </Extensions>
        </Trackpoint>
        <Trackpoint>
          <Time>2026-05-13T12:03:25Z</Time>
          <DistanceMeters>306.3</DistanceMeters>
          <Cadence>22</Cadence>
          <SensorState>Present</SensorState>
          <Extensions>
            <TPX xmlns="https://www.garmin.com/xmlschemas/ActivityExtension/v2">
              <Watts>58</Watts>
            </TPX>
          </Extensions>
        </Trackpoint>
        <Trackpoint>
          <Time>2026-05-13T12:03:28Z</Time>
          <DistanceMeters>314.5</DistanceMeters>
          <Cadence>20</Cadence>
          <SensorState>Present</SensorState>
          <Extensions>
            <TPX xmlns="https://www.garmin.com/xmlschemas/ActivityExtension/v2">
              <Watts>57</Watts>
            </TPX>
          </Extensions>
        </Trackpoint>
        <Trackpoint>
          <Time>2026-05-13T12:03:31Z</Time>
          <DistanceMeters>322.7</DistanceMeters>
          <Cadence>20</Cadence>
          <SensorState>Present</SensorState>
          <Extensions>
            <TPX xmlns="https://www.garmin.com/xmlschemas/ActivityExtension/v2">
              <Watts>58</Watts>
            </TPX>
          </Extensions>
        </Trackpoint>
        <Trackpoint>
          <Time>2026-05-13T12:03:34Z</Time>
          <DistanceMeters>331</DistanceMeters>
          <Cadence>19</Cadence>
          <SensorState>Present</SensorState>
          <Extensions>
            <TPX xmlns="https://www.garmin.com/xmlschemas/ActivityExtension/v2">
              <Watts>57</Watts>
            </TPX>
          </Extensions>
        </Trackpoint>
        <Trackpoint>
          <Time>2026-05-13T12:03:38Z</Time>
          <DistanceMeters>341.9</DistanceMeters>
          <Cadence>19</Cadence>
          <SensorState>Present</SensorState>
          <Extensions>
            <TPX xmlns="https://www.garmin.com/xmlschemas/ActivityExtension/v2">
              <Watts>56</Watts>
            </TPX>
          </Extensions>
        </Trackpoint>
        <Trackpoint>
          <Time>2026-05-13T12:03:41Z</Time>
          <DistanceMeters>350.1</DistanceMeters>
          <Cadence>20</Cadence>
          <SensorState>Present</SensorState>
          <Extensions>
            <TPX xmlns="https://www.garmin.com/xmlschemas/ActivityExtension/v2">
              <Watts>56</Watts>
            </TPX>
          </Extensions>
        </Trackpoint>
        <Trackpoint>
          <Time>2026-05-13T12:03:44Z</Time>
          <DistanceMeters>358.3</DistanceMeters>
          <Cadence>20</Cadence>
          <SensorState>Present</SensorState>
          <Extensions>
            <TPX xmlns="https://www.garmin.com/xmlschemas/ActivityExtension/v2">
              <Watts>57</Watts>
            </TPX>
          </Extensions>
        </Trackpoint>
        <Trackpoint>
          <Time>2026-05-13T12:03:47Z</Time>
          <DistanceMeters>366.7</DistanceMeters>
          <Cadence>20</Cadence>
          <SensorState>Present</SensorState>
          <Extensions>
            <TPX xmlns="https://www.garmin.com/xmlschemas/ActivityExtension/v2">
              <Watts>61</Watts>
            </TPX>
          </Extensions>
        </Trackpoint>
        <Trackpoint>
          <Time>2026-05-13T12:03:50Z</Time>
          <DistanceMeters>375.1</DistanceMeters>
          <Cadence>19</Cadence>
          <SensorState>Present</SensorState>
          <Extensions>
            <TPX xmlns="https://www.garmin.com/xmlschemas/ActivityExtension/v2">
              <Watts>60</Watts>
            </TPX>
          </Extensions>
        </Trackpoint>
        <Trackpoint>
          <Time>2026-05-13T12:03:53Z</Time>
          <DistanceMeters>383.4</DistanceMeters>
          <Cadence>19</Cadence>
          <SensorState>Present</SensorState>
          <Extensions>
            <TPX xmlns="https://www.garmin.com/xmlschemas/ActivityExtension/v2">
              <Watts>60</Watts>
            </TPX>
          </Extensions>
        </Trackpoint>
        <Trackpoint>
          <Time>2026-05-13T12:03:56Z</Time>
          <DistanceMeters>391.8</DistanceMeters>
          <Cadence>18</Cadence>
          <SensorState>Present</SensorState>
          <Extensions>
            <TPX xmlns="https://www.garmin.com/xmlschemas/ActivityExtension/v2">
              <Watts>62</Watts>
            </TPX>
          </Extensions>
        </Trackpoint>
        <Trackpoint>
          <Time>2026-05-13T12:03:59Z</Time>
          <DistanceMeters>400.3</DistanceMeters>
          <Cadence>20</Cadence>
          <SensorState>Present</SensorState>
          <Extensions>
            <TPX xmlns="https://www.garmin.com/xmlschemas/ActivityExtension/v2">
              <Watts>62</Watts>
            </TPX>
          </Extensions>
        </Trackpoint>
        <Trackpoint>
          <Time>2026-05-13T12:04:03Z</Time>
          <DistanceMeters>411.1</DistanceMeters>
          <Cadence>20</Cadence>
          <SensorState>Present</SensorState>
          <Extensions>
            <TPX xmlns="https://www.garmin.com/xmlschemas/ActivityExtension/v2">
              <Watts>62</Watts>
            </TPX>
          </Extensions>
        </Trackpoint>
        <Trackpoint>
          <Time>2026-05-13T12:04:06Z</Time>
          <DistanceMeters>419.1</DistanceMeters>
          <Cadence>15</Cadence>
          <SensorState>Present</SensorState>
          <Extensions>
            <TPX xmlns="https://www.garmin.com/xmlschemas/ActivityExtension/v2">
              <Watts>53</Watts>
            </TPX>
          </Extensions>
        </Trackpoint>
        <Trackpoint>
          <Time>2026-05-13T12:04:09Z</Time>
          <DistanceMeters>427.3</DistanceMeters>
          <Cadence>21</Cadence>
          <SensorState>Present</SensorState>
          <Extensions>
            <TPX xmlns="https://www.garmin.com/xmlschemas/ActivityExtension/v2">
              <Watts>52</Watts>
            </TPX>
          </Extensions>
        </Trackpoint>
        <Trackpoint>
          <Time>2026-05-13T12:04:12Z</Time>
          <DistanceMeters>435.6</DistanceMeters>
          <Cadence>21</Cadence>
          <SensorState>Present</SensorState>
          <Extensions>
            <TPX xmlns="https://www.garmin.com/xmlschemas/ActivityExtension/v2">
              <Watts>57</Watts>
            </TPX>
          </Extensions>
        </Trackpoint>
        <Trackpoint>
          <Time>2026-05-13T12:04:15Z</Time>
          <DistanceMeters>443.8</DistanceMeters>
          <Cadence>20</Cadence>
          <SensorState>Present</SensorState>
          <Extensions>
            <TPX xmlns="https://www.garmin.com/xmlschemas/ActivityExtension/v2">
              <Watts>59</Watts>
            </TPX>
          </Extensions>
        </Trackpoint>
        <Trackpoint>
          <Time>2026-05-13T12:04:18Z</Time>
          <DistanceMeters>452.1</DistanceMeters>
          <Cadence>19</Cadence>
          <SensorState>Present</SensorState>
          <Extensions>
            <TPX xmlns="https://www.garmin.com/xmlschemas/ActivityExtension/v2">
              <Watts>57</Watts>
            </TPX>
          </Extensions>
        </Trackpoint>
        <Trackpoint>
          <Time>2026-05-13T12:04:21Z</Time>
          <DistanceMeters>460.7</DistanceMeters>
          <Cadence>21</Cadence>
          <SensorState>Present</SensorState>
          <Extensions>
            <TPX xmlns="https://www.garmin.com/xmlschemas/ActivityExtension/v2">
              <Watts>62</Watts>
            </TPX>
          </Extensions>
        </Trackpoint>
        <Trackpoint>
          <Time>2026-05-13T12:04:24Z</Time>
          <DistanceMeters>469</DistanceMeters>
          <Cadence>21</Cadence>
          <SensorState>Present</SensorState>
          <Extensions>
            <TPX xmlns="https://www.garmin.com/xmlschemas/ActivityExtension/v2">
              <Watts>62</Watts>
            </TPX>
          </Extensions>
        </Trackpoint>
        <Trackpoint>
          <Time>2026-05-13T12:04:27Z</Time>
          <DistanceMeters>477.3</DistanceMeters>
          <Cadence>19</Cadence>
          <SensorState>Present</SensorState>
          <Extensions>
            <TPX xmlns="https://www.garmin.com/xmlschemas/ActivityExtension/v2">
              <Watts>62</Watts>
            </TPX>
          </Extensions>
        </Trackpoint>
        <Trackpoint>
          <Time>2026-05-13T12:04:30Z</Time>
          <DistanceMeters>485.6</DistanceMeters>
          <Cadence>20</Cadence>
          <SensorState>Present</SensorState>
          <Extensions>
            <TPX xmlns="https://www.garmin.com/xmlschemas/ActivityExtension/v2">
              <Watts>59</Watts>
            </TPX>
          </Extensions>
        </Trackpoint>
        <Trackpoint>
          <Time>2026-05-13T12:04:33Z</Time>
          <DistanceMeters>494</DistanceMeters>
          <Cadence>19</Cadence>
          <SensorState>Present</SensorState>
          <Extensions>
            <TPX xmlns="https://www.garmin.com/xmlschemas/ActivityExtension/v2">
              <Watts>59</Watts>
            </TPX>
          </Extensions>
        </Trackpoint>
        <Trackpoint>
          <Time>2026-05-13T12:04:36Z</Time>
          <DistanceMeters>502.7</DistanceMeters>
          <Cadence>20</Cadence>
          <SensorState>Present</SensorState>
          <Extensions>
            <TPX xmlns="https://www.garmin.com/xmlschemas/ActivityExtension/v2">
              <Watts>62</Watts>
            </TPX>
          </Extensions>
        </Trackpoint>
        <Trackpoint>
          <Time>2026-05-13T12:04:39Z</Time>
          <DistanceMeters>511.3</DistanceMeters>
          <Cadence>20</Cadence>
          <SensorState>Present</SensorState>
          <Extensions>
            <TPX xmlns="https://www.garmin.com/xmlschemas/ActivityExtension/v2">
              <Watts>67</Watts>
            </TPX>
          </Extensions>
        </Trackpoint>
        <Trackpoint>
          <Time>2026-05-13T12:04:42Z</Time>
          <DistanceMeters>520.1</DistanceMeters>
          <Cadence>20</Cadence>
          <SensorState>Present</SensorState>
          <Extensions>
            <TPX xmlns="https://www.garmin.com/xmlschemas/ActivityExtension/v2">
              <Watts>67</Watts>
            </TPX>
          </Extensions>
        </Trackpoint>
        <Trackpoint>
          <Time>2026-05-13T12:04:45Z</Time>
          <DistanceMeters>529</DistanceMeters>
          <Cadence>21</Cadence>
          <SensorState>Present</SensorState>
          <Extensions>
            <TPX xmlns="https://www.garmin.com/xmlschemas/ActivityExtension/v2">
              <Watts>71</Watts>
            </TPX>
          </Extensions>
        </Trackpoint>
        <Trackpoint>
          <Time>2026-05-13T12:04:48Z</Time>
          <DistanceMeters>537.6</DistanceMeters>
          <Cadence>21</Cadence>
          <SensorState>Present</SensorState>
          <Extensions>
            <TPX xmlns="https://www.garmin.com/xmlschemas/ActivityExtension/v2">
              <Watts>71</Watts>
            </TPX>
          </Extensions>
        </Trackpoint>
        <Trackpoint>
          <Time>2026-05-13T12:04:51Z</Time>
          <DistanceMeters>546.4</DistanceMeters>
          <Cadence>17</Cadence>
          <SensorState>Present</SensorState>
          <Extensions>
            <TPX xmlns="https://www.garmin.com/xmlschemas/ActivityExtension/v2">
              <Watts>69</Watts>
            </TPX>
          </Extensions>
        </Trackpoint>
        <Trackpoint>
          <Time>2026-05-13T12:04:54Z</Time>
          <DistanceMeters>555.1</DistanceMeters>
          <Cadence>20</Cadence>
          <SensorState>Present</SensorState>
          <Extensions>
            <TPX xmlns="https://www.garmin.com/xmlschemas/ActivityExtension/v2">
              <Watts>69</Watts>
            </TPX>
          </Extensions>
        </Trackpoint>
        <Trackpoint>
          <Time>2026-05-13T12:04:57Z</Time>
          <DistanceMeters>564</DistanceMeters>
          <Cadence>19</Cadence>
          <SensorState>Present</SensorState>
          <Extensions>
            <TPX xmlns="https://www.garmin.com/xmlschemas/ActivityExtension/v2">
              <Watts>69</Watts>
            </TPX>
          </Extensions>
        </Trackpoint>
        <Trackpoint>
          <Time>2026-05-13T12:05:00Z</Time>
          <DistanceMeters>572.7</DistanceMeters>
          <Cadence>20</Cadence>
          <SensorState>Present</SensorState>
          <Extensions>
            <TPX xmlns="https://www.garmin.com/xmlschemas/ActivityExtension/v2">
              <Watts>71</Watts>
            </TPX>
          </Extensions>
        </Trackpoint>
        <Trackpoint>
          <Time>2026-05-13T12:05:04Z</Time>
          <DistanceMeters>584.4</DistanceMeters>
          <Cadence>18</Cadence>
          <SensorState>Present</SensorState>
          <Extensions>
            <TPX xmlns="https://www.garmin.com/xmlschemas/ActivityExtension/v2">
              <Watts>66</Watts>
            </TPX>
          </Extensions>
        </Trackpoint>
        <Trackpoint>
          <Time>2026-05-13T12:05:07Z</Time>
          <DistanceMeters>593</DistanceMeters>
          <Cadence>18</Cadence>
          <SensorState>Present</SensorState>
          <Extensions>
            <TPX xmlns="https://www.garmin.com/xmlschemas/ActivityExtension/v2">
              <Watts>66</Watts>
            </TPX>
          </Extensions>
        </Trackpoint>
        <Trackpoint>
          <Time>2026-05-13T12:05:10Z</Time>
          <DistanceMeters>601.6</DistanceMeters>
          <Cadence>18</Cadence>
          <SensorState>Present</SensorState>
          <Extensions>
            <TPX xmlns="https://www.garmin.com/xmlschemas/ActivityExtension/v2">
              <Watts>67</Watts>
            </TPX>
          </Extensions>
        </Trackpoint>
        <Trackpoint>
          <Time>2026-05-13T12:05:13Z</Time>
          <DistanceMeters>610.3</DistanceMeters>
          <Cadence>19</Cadence>
          <SensorState>Present</SensorState>
          <Extensions>
            <TPX xmlns="https://www.garmin.com/xmlschemas/ActivityExtension/v2">
              <Watts>67</Watts>
            </TPX>
          </Extensions>
        </Trackpoint>
        <Trackpoint>
          <Time>2026-05-13T12:05:16Z</Time>
          <DistanceMeters>619</DistanceMeters>
          <Cadence>18</Cadence>
          <SensorState>Present</SensorState>
          <Extensions>
            <TPX xmlns="https://www.garmin.com/xmlschemas/ActivityExtension/v2">
              <Watts>66</Watts>
            </TPX>
          </Extensions>
        </Trackpoint>
        <Trackpoint>
          <Time>2026-05-13T12:05:20Z</Time>
          <DistanceMeters>630.4</DistanceMeters>
          <Cadence>20</Cadence>
          <SensorState>Present</SensorState>
          <Extensions>
            <TPX xmlns="https://www.garmin.com/xmlschemas/ActivityExtension/v2">
              <Watts>64</Watts>
            </TPX>
          </Extensions>
        </Trackpoint>
        <Trackpoint>
          <Time>2026-05-13T12:05:23Z</Time>
          <DistanceMeters>639.1</DistanceMeters>
          <Cadence>19</Cadence>
          <SensorState>Present</SensorState>
          <Extensions>
            <TPX xmlns="https://www.garmin.com/xmlschemas/ActivityExtension/v2">
              <Watts>67</Watts>
            </TPX>
          </Extensions>
        </Trackpoint>
        <Trackpoint>
          <Time>2026-05-13T12:05:26Z</Time>
          <DistanceMeters>648.1</DistanceMeters>
          <Cadence>20</Cadence>
          <SensorState>Present</SensorState>
          <Extensions>
            <TPX xmlns="https://www.garmin.com/xmlschemas/ActivityExtension/v2">
              <Watts>74</Watts>
            </TPX>
          </Extensions>
        </Trackpoint>
        <Trackpoint>
          <Time>2026-05-13T12:05:29Z</Time>
          <DistanceMeters>657</DistanceMeters>
          <Cadence>20</Cadence>
          <SensorState>Present</SensorState>
          <Extensions>
            <TPX xmlns="https://www.garmin.com/xmlschemas/ActivityExtension/v2">
              <Watts>74</Watts>
            </TPX>
          </Extensions>
        </Trackpoint>
        <Trackpoint>
          <Time>2026-05-13T12:05:32Z</Time>
          <DistanceMeters>666.4</DistanceMeters>
          <Cadence>18</Cadence>
          <SensorState>Present</SensorState>
          <Extensions>
            <TPX xmlns="https://www.garmin.com/xmlschemas/ActivityExtension/v2">
              <Watts>77</Watts>
            </TPX>
          </Extensions>
        </Trackpoint>
        <Trackpoint>
          <Time>2026-05-13T12:05:36Z</Time>
          <DistanceMeters>678.8</DistanceMeters>
          <Cadence>18</Cadence>
          <SensorState>Present</SensorState>
          <Extensions>
            <TPX xmlns="https://www.garmin.com/xmlschemas/ActivityExtension/v2">
              <Watts>85</Watts>
            </TPX>
          </Extensions>
        </Trackpoint>
        <Trackpoint>
          <Time>2026-05-13T12:05:39Z</Time>
          <DistanceMeters>687.9</DistanceMeters>
          <Cadence>17</Cadence>
          <SensorState>Present</SensorState>
          <Extensions>
            <TPX xmlns="https://www.garmin.com/xmlschemas/ActivityExtension/v2">
              <Watts>81</Watts>
            </TPX>
          </Extensions>
        </Trackpoint>
        <Trackpoint>
          <Time>2026-05-13T12:05:43Z</Time>
          <DistanceMeters>699.9</DistanceMeters>
          <Cadence>17</Cadence>
          <SensorState>Present</SensorState>
          <Extensions>
            <TPX xmlns="https://www.garmin.com/xmlschemas/ActivityExtension/v2">
              <Watts>73</Watts>
            </TPX>
          </Extensions>
        </Trackpoint>
        <Trackpoint>
          <Time>2026-05-13T12:05:45Z</Time>
          <DistanceMeters>705.7</DistanceMeters>
          <Cadence>17</Cadence>
          <SensorState>Present</SensorState>
          <Extensions>
            <TPX xmlns="https://www.garmin.com/xmlschemas/ActivityExtension/v2">
              <Watts>73</Watts>
            </TPX>
          </Extensions>
        </Trackpoint>
        <Trackpoint>
          <Time>2026-05-13T12:05:48Z</Time>
          <DistanceMeters>714.6</DistanceMeters>
          <Cadence>21</Cadence>
          <SensorState>Present</SensorState>
          <Extensions>
            <TPX xmlns="https://www.garmin.com/xmlschemas/ActivityExtension/v2">
              <Watts>71</Watts>
            </TPX>
          </Extensions>
        </Trackpoint>
        <Trackpoint>
          <Time>2026-05-13T12:05:51Z</Time>
          <DistanceMeters>723.3</DistanceMeters>
          <Cadence>20</Cadence>
          <SensorState>Present</SensorState>
          <Extensions>
            <TPX xmlns="https://www.garmin.com/xmlschemas/ActivityExtension/v2">
              <Watts>71</Watts>
            </TPX>
          </Extensions>
        </Trackpoint>
        <Trackpoint>
          <Time>2026-05-13T12:05:55Z</Time>
          <DistanceMeters>734.9</DistanceMeters>
          <Cadence>19</Cadence>
          <SensorState>Present</SensorState>
          <Extensions>
            <TPX xmlns="https://www.garmin.com/xmlschemas/ActivityExtension/v2">
              <Watts>66</Watts>
            </TPX>
          </Extensions>
        </Trackpoint>
        <Trackpoint>
          <Time>2026-05-13T12:05:58Z</Time>
          <DistanceMeters>743.4</DistanceMeters>
          <Cadence>19</Cadence>
          <SensorState>Present</SensorState>
          <Extensions>
            <TPX xmlns="https://www.garmin.com/xmlschemas/ActivityExtension/v2">
              <Watts>66</Watts>
            </TPX>
          </Extensions>
        </Trackpoint>
        <Trackpoint>
          <Time>2026-05-13T12:06:01Z</Time>
          <DistanceMeters>752.1</DistanceMeters>
          <Cadence>19</Cadence>
          <SensorState>Present</SensorState>
          <Extensions>
            <TPX xmlns="https://www.garmin.com/xmlschemas/ActivityExtension/v2">
              <Watts>65</Watts>
            </TPX>
          </Extensions>
        </Trackpoint>
        <Trackpoint>
          <Time>2026-05-13T12:06:04Z</Time>
          <DistanceMeters>760.9</DistanceMeters>
          <Cadence>19</Cadence>
          <SensorState>Present</SensorState>
          <Extensions>
            <TPX xmlns="https://www.garmin.com/xmlschemas/ActivityExtension/v2">
              <Watts>67</Watts>
            </TPX>
          </Extensions>
        </Trackpoint>
        <Trackpoint>
          <Time>2026-05-13T12:06:07Z</Time>
          <DistanceMeters>769.9</DistanceMeters>
          <Cadence>22</Cadence>
          <SensorState>Present</SensorState>
          <Extensions>
            <TPX xmlns="https://www.garmin.com/xmlschemas/ActivityExtension/v2">
              <Watts>74</Watts>
            </TPX>
          </Extensions>
        </Trackpoint>
        <Trackpoint>
          <Time>2026-05-13T12:06:09Z</Time>
          <DistanceMeters>776</DistanceMeters>
          <Cadence>22</Cadence>
          <SensorState>Present</SensorState>
          <Extensions>
            <TPX xmlns="https://www.garmin.com/xmlschemas/ActivityExtension/v2">
              <Watts>74</Watts>
            </TPX>
          </Extensions>
        </Trackpoint>
        <Trackpoint>
          <Time>2026-05-13T12:06:12Z</Time>
          <DistanceMeters>785.1</DistanceMeters>
          <Cadence>21</Cadence>
          <SensorState>Present</SensorState>
          <Extensions>
            <TPX xmlns="https://www.garmin.com/xmlschemas/ActivityExtension/v2">
              <Watts>80</Watts>
            </TPX>
          </Extensions>
        </Trackpoint>
        <Trackpoint>
          <Time>2026-05-13T12:06:15Z</Time>
          <DistanceMeters>794</DistanceMeters>
          <Cadence>20</Cadence>
          <SensorState>Present</SensorState>
          <Extensions>
            <TPX xmlns="https://www.garmin.com/xmlschemas/ActivityExtension/v2">
              <Watts>77</Watts>
            </TPX>
          </Extensions>
        </Trackpoint>
        <Trackpoint>
          <Time>2026-05-13T12:06:18Z</Time>
          <DistanceMeters>802.8</DistanceMeters>
          <Cadence>21</Cadence>
          <SensorState>Present</SensorState>
          <Extensions>
            <TPX xmlns="https://www.garmin.com/xmlschemas/ActivityExtension/v2">
              <Watts>71</Watts>
            </TPX>
          </Extensions>
        </Trackpoint>
        <Trackpoint>
          <Time>2026-05-13T12:06:21Z</Time>
          <DistanceMeters>811.6</DistanceMeters>
          <Cadence>20</Cadence>
          <SensorState>Present</SensorState>
          <Extensions>
            <TPX xmlns="https://www.garmin.com/xmlschemas/ActivityExtension/v2">
              <Watts>70</Watts>
            </TPX>
          </Extensions>
        </Trackpoint>
        <Trackpoint>
          <Time>2026-05-13T12:06:24Z</Time>
          <DistanceMeters>820.2</DistanceMeters>
          <Cadence>21</Cadence>
          <SensorState>Present</SensorState>
          <Extensions>
            <TPX xmlns="https://www.garmin.com/xmlschemas/ActivityExtension/v2">
              <Watts>71</Watts>
            </TPX>
          </Extensions>
        </Trackpoint>
        <Trackpoint>
          <Time>2026-05-13T12:06:27Z</Time>
          <DistanceMeters>828.9</DistanceMeters>
          <Cadence>20</Cadence>
          <SensorState>Present</SensorState>
          <Extensions>
            <TPX xmlns="https://www.garmin.com/xmlschemas/ActivityExtension/v2">
              <Watts>67</Watts>
            </TPX>
          </Extensions>
        </Trackpoint>
        <Trackpoint>
          <Time>2026-05-13T12:06:30Z</Time>
          <DistanceMeters>837.7</DistanceMeters>
          <Cadence>20</Cadence>
          <SensorState>Present</SensorState>
          <Extensions>
            <TPX xmlns="https://www.garmin.com/xmlschemas/ActivityExtension/v2">
              <Watts>67</Watts>
            </TPX>
          </Extensions>
        </Trackpoint>
        <Trackpoint>
          <Time>2026-05-13T12:06:33Z</Time>
          <DistanceMeters>846.5</DistanceMeters>
          <Cadence>20</Cadence>
          <SensorState>Present</SensorState>
          <Extensions>
            <TPX xmlns="https://www.garmin.com/xmlschemas/ActivityExtension/v2">
              <Watts>70</Watts>
            </TPX>
          </Extensions>
        </Trackpoint>
        <Trackpoint>
          <Time>2026-05-13T12:06:36Z</Time>
          <DistanceMeters>855.2</DistanceMeters>
          <Cadence>20</Cadence>
          <SensorState>Present</SensorState>
          <Extensions>
            <TPX xmlns="https://www.garmin.com/xmlschemas/ActivityExtension/v2">
              <Watts>71</Watts>
            </TPX>
          </Extensions>
        </Trackpoint>
        <Trackpoint>
          <Time>2026-05-13T12:06:39Z</Time>
          <DistanceMeters>863.9</DistanceMeters>
          <Cadence>19</Cadence>
          <SensorState>Present</SensorState>
          <Extensions>
            <TPX xmlns="https://www.garmin.com/xmlschemas/ActivityExtension/v2">
              <Watts>68</Watts>
            </TPX>
          </Extensions>
        </Trackpoint>
        <Trackpoint>
          <Time>2026-05-13T12:06:42Z</Time>
          <DistanceMeters>872.7</DistanceMeters>
          <Cadence>20</Cadence>
          <SensorState>Present</SensorState>
          <Extensions>
            <TPX xmlns="https://www.garmin.com/xmlschemas/ActivityExtension/v2">
              <Watts>68</Watts>
            </TPX>
          </Extensions>
        </Trackpoint>
        <Trackpoint>
          <Time>2026-05-13T12:06:45Z</Time>
          <DistanceMeters>881.7</DistanceMeters>
          <Cadence>21</Cadence>
          <SensorState>Present</SensorState>
          <Extensions>
            <TPX xmlns="https://www.garmin.com/xmlschemas/ActivityExtension/v2">
              <Watts>71</Watts>
            </TPX>
          </Extensions>
        </Trackpoint>
        <Trackpoint>
          <Time>2026-05-13T12:06:48Z</Time>
          <DistanceMeters>890.9</DistanceMeters>
          <Cadence>21</Cadence>
          <SensorState>Present</SensorState>
          <Extensions>
            <TPX xmlns="https://www.garmin.com/xmlschemas/ActivityExtension/v2">
              <Watts>76</Watts>
            </TPX>
          </Extensions>
        </Trackpoint>
        <Trackpoint>
          <Time>2026-05-13T12:06:51Z</Time>
          <DistanceMeters>899.8</DistanceMeters>
          <Cadence>21</Cadence>
          <SensorState>Present</SensorState>
          <Extensions>
            <TPX xmlns="https://www.garmin.com/xmlschemas/ActivityExtension/v2">
              <Watts>77</Watts>
            </TPX>
          </Extensions>
        </Trackpoint>
        <Trackpoint>
          <Time>2026-05-13T12:06:54Z</Time>
          <DistanceMeters>908.8</DistanceMeters>
          <Cadence>20</Cadence>
          <SensorState>Present</SensorState>
          <Extensions>
            <TPX xmlns="https://www.garmin.com/xmlschemas/ActivityExtension/v2">
              <Watts>75</Watts>
            </TPX>
          </Extensions>
        </Trackpoint>
        <Trackpoint>
          <Time>2026-05-13T12:06:57Z</Time>
          <DistanceMeters>917.7</DistanceMeters>
          <Cadence>20</Cadence>
          <SensorState>Present</SensorState>
          <Extensions>
            <TPX xmlns="https://www.garmin.com/xmlschemas/ActivityExtension/v2">
              <Watts>73</Watts>
            </TPX>
          </Extensions>
        </Trackpoint>
        <Trackpoint>
          <Time>2026-05-13T12:07:00Z</Time>
          <DistanceMeters>926.6</DistanceMeters>
          <Cadence>20</Cadence>
          <SensorState>Present</SensorState>
          <Extensions>
            <TPX xmlns="https://www.garmin.com/xmlschemas/ActivityExtension/v2">
              <Watts>74</Watts>
            </TPX>
          </Extensions>
        </Trackpoint>
        <Trackpoint>
          <Time>2026-05-13T12:07:03Z</Time>
          <DistanceMeters>935.8</DistanceMeters>
          <Cadence>19</Cadence>
          <SensorState>Present</SensorState>
          <Extensions>
            <TPX xmlns="https://www.garmin.com/xmlschemas/ActivityExtension/v2">
              <Watts>73</Watts>
            </TPX>
          </Extensions>
        </Trackpoint>
        <Trackpoint>
          <Time>2026-05-13T12:07:06Z</Time>
          <DistanceMeters>944.9</DistanceMeters>
          <Cadence>22</Cadence>
          <SensorState>Present</SensorState>
          <Extensions>
            <TPX xmlns="https://www.garmin.com/xmlschemas/ActivityExtension/v2">
              <Watts>79</Watts>
            </TPX>
          </Extensions>
        </Trackpoint>
        <Trackpoint>
          <Time>2026-05-13T12:07:09Z</Time>
          <DistanceMeters>953.8</DistanceMeters>
          <Cadence>21</Cadence>
          <SensorState>Present</SensorState>
          <Extensions>
            <TPX xmlns="https://www.garmin.com/xmlschemas/ActivityExtension/v2">
              <Watts>77</Watts>
            </TPX>
          </Extensions>
        </Trackpoint>
        <Trackpoint>
          <Time>2026-05-13T12:07:12Z</Time>
          <DistanceMeters>962.9</DistanceMeters>
          <Cadence>21</Cadence>
          <SensorState>Present</SensorState>
          <Extensions>
            <TPX xmlns="https://www.garmin.com/xmlschemas/ActivityExtension/v2">
              <Watts>75</Watts>
            </TPX>
          </Extensions>
        </Trackpoint>
        <Trackpoint>
          <Time>2026-05-13T12:07:15Z</Time>
          <DistanceMeters>971.7</DistanceMeters>
          <Cadence>19</Cadence>
          <SensorState>Present</SensorState>
          <Extensions>
            <TPX xmlns="https://www.garmin.com/xmlschemas/ActivityExtension/v2">
              <Watts>73</Watts>
            </TPX>
          </Extensions>
        </Trackpoint>
        <Trackpoint>
          <Time>2026-05-13T12:07:18Z</Time>
          <DistanceMeters>980.5</DistanceMeters>
          <Cadence>19</Cadence>
          <SensorState>Present</SensorState>
          <Extensions>
            <TPX xmlns="https://www.garmin.com/xmlschemas/ActivityExtension/v2">
              <Watts>73</Watts>
            </TPX>
          </Extensions>
        </Trackpoint>
        <Trackpoint>
          <Time>2026-05-13T12:07:21Z</Time>
          <DistanceMeters>989.3</DistanceMeters>
          <Cadence>21</Cadence>
          <SensorState>Present</SensorState>
          <Extensions>
            <TPX xmlns="https://www.garmin.com/xmlschemas/ActivityExtension/v2">
              <Watts>71</Watts>
            </TPX>
          </Extensions>
        </Trackpoint>
        <Trackpoint>
          <Time>2026-05-13T12:07:23Z</Time>
          <DistanceMeters>995.3</DistanceMeters>
          <Cadence>21</Cadence>
          <SensorState>Present</SensorState>
          <Extensions>
            <TPX xmlns="https://www.garmin.com/xmlschemas/ActivityExtension/v2">
              <Watts>71</Watts>
            </TPX>
          </Extensions>
        </Trackpoint>
        <Trackpoint>
          <Time>2026-05-13T12:07:27Z</Time>
          <DistanceMeters>1007.1</DistanceMeters>
          <Cadence>19</Cadence>
          <SensorState>Present</SensorState>
          <Extensions>
            <TPX xmlns="https://www.garmin.com/xmlschemas/ActivityExtension/v2">
              <Watts>71</Watts>
            </TPX>
          </Extensions>
        </Trackpoint>
        <Trackpoint>
          <Time>2026-05-13T12:07:29Z</Time>
          <DistanceMeters>1012.9</DistanceMeters>
          <Cadence>19</Cadence>
          <SensorState>Present</SensorState>
          <Extensions>
            <TPX xmlns="https://www.garmin.com/xmlschemas/ActivityExtension/v2">
              <Watts>71</Watts>
            </TPX>
          </Extensions>
        </Trackpoint>
        <Trackpoint>
          <Time>2026-05-13T12:07:32Z</Time>
          <DistanceMeters>1021.8</DistanceMeters>
          <Cadence>22</Cadence>
          <SensorState>Present</SensorState>
          <Extensions>
            <TPX xmlns="https://www.garmin.com/xmlschemas/ActivityExtension/v2">
              <Watts>71</Watts>
            </TPX>
          </Extensions>
        </Trackpoint>
        <Trackpoint>
          <Time>2026-05-13T12:07:35Z</Time>
          <DistanceMeters>1030.6</DistanceMeters>
          <Cadence>21</Cadence>
          <SensorState>Present</SensorState>
          <Extensions>
            <TPX xmlns="https://www.garmin.com/xmlschemas/ActivityExtension/v2">
              <Watts>72</Watts>
            </TPX>
          </Extensions>
        </Trackpoint>
        <Trackpoint>
          <Time>2026-05-13T12:07:38Z</Time>
          <DistanceMeters>1039.5</DistanceMeters>
          <Cadence>19</Cadence>
          <SensorState>Present</SensorState>
          <Extensions>
            <TPX xmlns="https://www.garmin.com/xmlschemas/ActivityExtension/v2">
              <Watts>71</Watts>
            </TPX>
          </Extensions>
        </Trackpoint>
        <Trackpoint>
          <Time>2026-05-13T12:07:41Z</Time>
          <DistanceMeters>1048.3</DistanceMeters>
          <Cadence>21</Cadence>
          <SensorState>Present</SensorState>
          <Extensions>
            <TPX xmlns="https://www.garmin.com/xmlschemas/ActivityExtension/v2">
              <Watts>71</Watts>
            </TPX>
          </Extensions>
        </Trackpoint>
        <Trackpoint>
          <Time>2026-05-13T12:07:44Z</Time>
          <DistanceMeters>1057.2</DistanceMeters>
          <Cadence>20</Cadence>
          <SensorState>Present</SensorState>
          <Extensions>
            <TPX xmlns="https://www.garmin.com/xmlschemas/ActivityExtension/v2">
              <Watts>71</Watts>
            </TPX>
          </Extensions>
        </Trackpoint>
        <Trackpoint>
          <Time>2026-05-13T12:07:47Z</Time>
          <DistanceMeters>1065.9</DistanceMeters>
          <Cadence>21</Cadence>
          <SensorState>Present</SensorState>
          <Extensions>
            <TPX xmlns="https://www.garmin.com/xmlschemas/ActivityExtension/v2">
              <Watts>72</Watts>
            </TPX>
          </Extensions>
        </Trackpoint>
        <Trackpoint>
          <Time>2026-05-13T12:07:50Z</Time>
          <DistanceMeters>1074.5</DistanceMeters>
          <Cadence>20</Cadence>
          <SensorState>Present</SensorState>
          <Extensions>
            <TPX xmlns="https://www.garmin.com/xmlschemas/ActivityExtension/v2">
              <Watts>68</Watts>
            </TPX>
          </Extensions>
        </Trackpoint>
        <Trackpoint>
          <Time>2026-05-13T12:07:53Z</Time>
          <DistanceMeters>1083.2</DistanceMeters>
          <Cadence>22</Cadence>
          <SensorState>Present</SensorState>
          <Extensions>
            <TPX xmlns="https://www.garmin.com/xmlschemas/ActivityExtension/v2">
              <Watts>66</Watts>
            </TPX>
          </Extensions>
        </Trackpoint>
        <Trackpoint>
          <Time>2026-05-13T12:07:55Z</Time>
          <DistanceMeters>1088.9</DistanceMeters>
          <Cadence>22</Cadence>
          <SensorState>Present</SensorState>
          <Extensions>
            <TPX xmlns="https://www.garmin.com/xmlschemas/ActivityExtension/v2">
              <Watts>66</Watts>
            </TPX>
          </Extensions>
        </Trackpoint>
        <Trackpoint>
          <Time>2026-05-13T12:07:58Z</Time>
          <DistanceMeters>1097.5</DistanceMeters>
          <Cadence>21</Cadence>
          <SensorState>Present</SensorState>
          <Extensions>
            <TPX xmlns="https://www.garmin.com/xmlschemas/ActivityExtension/v2">
              <Watts>65</Watts>
            </TPX>
          </Extensions>
        </Trackpoint>
        <Trackpoint>
          <Time>2026-05-13T12:08:01Z</Time>
          <DistanceMeters>1106.3</DistanceMeters>
          <Cadence>21</Cadence>
          <SensorState>Present</SensorState>
          <Extensions>
            <TPX xmlns="https://www.garmin.com/xmlschemas/ActivityExtension/v2">
              <Watts>67</Watts>
            </TPX>
          </Extensions>
        </Trackpoint>
        <Trackpoint>
          <Time>2026-05-13T12:08:04Z</Time>
          <DistanceMeters>1115.2</DistanceMeters>
          <Cadence>23</Cadence>
          <SensorState>Present</SensorState>
          <Extensions>
            <TPX xmlns="https://www.garmin.com/xmlschemas/ActivityExtension/v2">
              <Watts>70</Watts>
            </TPX>
          </Extensions>
        </Trackpoint>
        <Trackpoint>
          <Time>2026-05-13T12:08:06Z</Time>
          <DistanceMeters>1121</DistanceMeters>
          <Cadence>23</Cadence>
          <SensorState>Present</SensorState>
          <Extensions>
            <TPX xmlns="https://www.garmin.com/xmlschemas/ActivityExtension/v2">
              <Watts>70</Watts>
            </TPX>
          </Extensions>
        </Trackpoint>
        <Trackpoint>
          <Time>2026-05-13T12:08:09Z</Time>
          <DistanceMeters>1129.9</DistanceMeters>
          <Cadence>23</Cadence>
          <SensorState>Present</SensorState>
          <Extensions>
            <TPX xmlns="https://www.garmin.com/xmlschemas/ActivityExtension/v2">
              <Watts>71</Watts>
            </TPX>
          </Extensions>
        </Trackpoint>
        <Trackpoint>
          <Time>2026-05-13T12:08:12Z</Time>
          <DistanceMeters>1139.1</DistanceMeters>
          <Cadence>23</Cadence>
          <SensorState>Present</SensorState>
          <Extensions>
            <TPX xmlns="https://www.garmin.com/xmlschemas/ActivityExtension/v2">
              <Watts>74</Watts>
            </TPX>
          </Extensions>
        </Trackpoint>
        <Trackpoint>
          <Time>2026-05-13T12:08:15Z</Time>
          <DistanceMeters>1148.4</DistanceMeters>
          <Cadence>22</Cadence>
          <SensorState>Present</SensorState>
          <Extensions>
            <TPX xmlns="https://www.garmin.com/xmlschemas/ActivityExtension/v2">
              <Watts>82</Watts>
            </TPX>
          </Extensions>
        </Trackpoint>
        <Trackpoint>
          <Time>2026-05-13T12:08:17Z</Time>
          <DistanceMeters>1154.6</DistanceMeters>
          <Cadence>22</Cadence>
          <SensorState>Present</SensorState>
          <Extensions>
            <TPX xmlns="https://www.garmin.com/xmlschemas/ActivityExtension/v2">
              <Watts>82</Watts>
            </TPX>
          </Extensions>
        </Trackpoint>
        <Trackpoint>
          <Time>2026-05-13T12:08:20Z</Time>
          <DistanceMeters>1163.9</DistanceMeters>
          <Cadence>22</Cadence>
          <SensorState>Present</SensorState>
          <Extensions>
            <TPX xmlns="https://www.garmin.com/xmlschemas/ActivityExtension/v2">
              <Watts>85</Watts>
            </TPX>
          </Extensions>
        </Trackpoint>
        <Trackpoint>
          <Time>2026-05-13T12:08:24Z</Time>
          <DistanceMeters>1175.7</DistanceMeters>
          <Cadence>22</Cadence>
          <SensorState>Present</SensorState>
          <Extensions>
            <TPX xmlns="https://www.garmin.com/xmlschemas/ActivityExtension/v2">
              <Watts>86</Watts>
            </TPX>
          </Extensions>
        </Trackpoint>
        <Trackpoint>
          <Time>2026-05-13T12:08:28Z</Time>
          <DistanceMeters>1187.1</DistanceMeters>
          <Cadence>14</Cadence>
          <SensorState>Present</SensorState>
          <Extensions>
            <TPX xmlns="https://www.garmin.com/xmlschemas/ActivityExtension/v2">
              <Watts>68</Watts>
            </TPX>
          </Extensions>
        </Trackpoint>
        <Trackpoint>
          <Time>2026-05-13T12:08:30Z</Time>
          <DistanceMeters>1192.9</DistanceMeters>
          <Cadence>17</Cadence>
          <SensorState>Present</SensorState>
          <Extensions>
            <TPX xmlns="https://www.garmin.com/xmlschemas/ActivityExtension/v2">
              <Watts>64</Watts>
            </TPX>
          </Extensions>
        </Trackpoint>
        <Trackpoint>
          <Time>2026-05-13T12:08:34Z</Time>
          <DistanceMeters>1204.7</DistanceMeters>
          <Cadence>22</Cadence>
          <SensorState>Present</SensorState>
          <Extensions>
            <TPX xmlns="https://www.garmin.com/xmlschemas/ActivityExtension/v2">
              <Watts>68</Watts>
            </TPX>
          </Extensions>
        </Trackpoint>
        <Trackpoint>
          <Time>2026-05-13T12:08:37Z</Time>
          <DistanceMeters>1213.5</DistanceMeters>
          <Cadence>18</Cadence>
          <SensorState>Present</SensorState>
          <Extensions>
            <TPX xmlns="https://www.garmin.com/xmlschemas/ActivityExtension/v2">
              <Watts>72</Watts>
            </TPX>
          </Extensions>
        </Trackpoint>
        <Trackpoint>
          <Time>2026-05-13T12:08:40Z</Time>
          <DistanceMeters>1222.1</DistanceMeters>
          <Cadence>16</Cadence>
          <SensorState>Present</SensorState>
          <Extensions>
            <TPX xmlns="https://www.garmin.com/xmlschemas/ActivityExtension/v2">
              <Watts>69</Watts>
            </TPX>
          </Extensions>
        </Trackpoint>
        <Trackpoint>
          <Time>2026-05-13T12:08:43Z</Time>
          <DistanceMeters>1230.7</DistanceMeters>
          <Cadence>20</Cadence>
          <SensorState>Present</SensorState>
          <Extensions>
            <TPX xmlns="https://www.garmin.com/xmlschemas/ActivityExtension/v2">
              <Watts>66</Watts>
            </TPX>
          </Extensions>
        </Trackpoint>
        <Trackpoint>
          <Time>2026-05-13T12:08:46Z</Time>
          <DistanceMeters>1239.4</DistanceMeters>
          <Cadence>20</Cadence>
          <SensorState>Present</SensorState>
          <Extensions>
            <TPX xmlns="https://www.garmin.com/xmlschemas/ActivityExtension/v2">
              <Watts>66</Watts>
            </TPX>
          </Extensions>
        </Trackpoint>
        <Trackpoint>
          <Time>2026-05-13T12:08:49Z</Time>
          <DistanceMeters>1248.2</DistanceMeters>
          <Cadence>20</Cadence>
          <SensorState>Present</SensorState>
          <Extensions>
            <TPX xmlns="https://www.garmin.com/xmlschemas/ActivityExtension/v2">
              <Watts>67</Watts>
            </TPX>
          </Extensions>
        </Trackpoint>
        <Trackpoint>
          <Time>2026-05-13T12:08:52Z</Time>
          <DistanceMeters>1257</DistanceMeters>
          <Cadence>20</Cadence>
          <SensorState>Present</SensorState>
          <Extensions>
            <TPX xmlns="https://www.garmin.com/xmlschemas/ActivityExtension/v2">
              <Watts>70</Watts>
            </TPX>
          </Extensions>
        </Trackpoint>
        <Trackpoint>
          <Time>2026-05-13T12:08:55Z</Time>
          <DistanceMeters>1265.8</DistanceMeters>
          <Cadence>22</Cadence>
          <SensorState>Present</SensorState>
          <Extensions>
            <TPX xmlns="https://www.garmin.com/xmlschemas/ActivityExtension/v2">
              <Watts>72</Watts>
            </TPX>
          </Extensions>
        </Trackpoint>
        <Trackpoint>
          <Time>2026-05-13T12:08:58Z</Time>
          <DistanceMeters>1274.5</DistanceMeters>
          <Cadence>20</Cadence>
          <SensorState>Present</SensorState>
          <Extensions>
            <TPX xmlns="https://www.garmin.com/xmlschemas/ActivityExtension/v2">
              <Watts>71</Watts>
            </TPX>
          </Extensions>
        </Trackpoint>
        <Trackpoint>
          <Time>2026-05-13T12:09:01Z</Time>
          <DistanceMeters>1283.4</DistanceMeters>
          <Cadence>20</Cadence>
          <SensorState>Present</SensorState>
          <Extensions>
            <TPX xmlns="https://www.garmin.com/xmlschemas/ActivityExtension/v2">
              <Watts>69</Watts>
            </TPX>
          </Extensions>
        </Trackpoint>
        <Trackpoint>
          <Time>2026-05-13T12:09:04Z</Time>
          <DistanceMeters>1292.1</DistanceMeters>
          <Cadence>21</Cadence>
          <SensorState>Present</SensorState>
          <Extensions>
            <TPX xmlns="https://www.garmin.com/xmlschemas/ActivityExtension/v2">
              <Watts>71</Watts>
            </TPX>
          </Extensions>
        </Trackpoint>
        <Trackpoint>
          <Time>2026-05-13T12:09:07Z</Time>
          <DistanceMeters>1301</DistanceMeters>
          <Cadence>20</Cadence>
          <SensorState>Present</SensorState>
          <Extensions>
            <TPX xmlns="https://www.garmin.com/xmlschemas/ActivityExtension/v2">
              <Watts>67</Watts>
            </TPX>
          </Extensions>
        </Trackpoint>
        <Trackpoint>
          <Time>2026-05-13T12:09:10Z</Time>
          <DistanceMeters>1309.8</DistanceMeters>
          <Cadence>21</Cadence>
          <SensorState>Present</SensorState>
          <Extensions>
            <TPX xmlns="https://www.garmin.com/xmlschemas/ActivityExtension/v2">
              <Watts>71</Watts>
            </TPX>
          </Extensions>
        </Trackpoint>
        <Trackpoint>
          <Time>2026-05-13T12:09:13Z</Time>
          <DistanceMeters>1318.8</DistanceMeters>
          <Cadence>20</Cadence>
          <SensorState>Present</SensorState>
          <Extensions>
            <TPX xmlns="https://www.garmin.com/xmlschemas/ActivityExtension/v2">
              <Watts>74</Watts>
            </TPX>
          </Extensions>
        </Trackpoint>
        <Trackpoint>
          <Time>2026-05-13T12:09:15Z</Time>
          <DistanceMeters>1324.7</DistanceMeters>
          <Cadence>20</Cadence>
          <SensorState>Present</SensorState>
          <Extensions>
            <TPX xmlns="https://www.garmin.com/xmlschemas/ActivityExtension/v2">
              <Watts>74</Watts>
            </TPX>
          </Extensions>
        </Trackpoint>
        <Trackpoint>
          <Time>2026-05-13T12:09:18Z</Time>
          <DistanceMeters>1333.6</DistanceMeters>
          <Cadence>21</Cadence>
          <SensorState>Present</SensorState>
          <Extensions>
            <TPX xmlns="https://www.garmin.com/xmlschemas/ActivityExtension/v2">
              <Watts>71</Watts>
            </TPX>
          </Extensions>
        </Trackpoint>
        <Trackpoint>
          <Time>2026-05-13T12:09:21Z</Time>
          <DistanceMeters>1342.5</DistanceMeters>
          <Cadence>22</Cadence>
          <SensorState>Present</SensorState>
          <Extensions>
            <TPX xmlns="https://www.garmin.com/xmlschemas/ActivityExtension/v2">
              <Watts>74</Watts>
            </TPX>
          </Extensions>
        </Trackpoint>
        <Trackpoint>
          <Time>2026-05-13T12:09:24Z</Time>
          <DistanceMeters>1351.5</DistanceMeters>
          <Cadence>21</Cadence>
          <SensorState>Present</SensorState>
          <Extensions>
            <TPX xmlns="https://www.garmin.com/xmlschemas/ActivityExtension/v2">
              <Watts>75</Watts>
            </TPX>
          </Extensions>
        </Trackpoint>
        <Trackpoint>
          <Time>2026-05-13T12:09:27Z</Time>
          <DistanceMeters>1360.8</DistanceMeters>
          <Cadence>20</Cadence>
          <SensorState>Present</SensorState>
          <Extensions>
            <TPX xmlns="https://www.garmin.com/xmlschemas/ActivityExtension/v2">
              <Watts>75</Watts>
            </TPX>
          </Extensions>
        </Trackpoint>
        <Trackpoint>
          <Time>2026-05-13T12:09:30Z</Time>
          <DistanceMeters>1370.1</DistanceMeters>
          <Cadence>21</Cadence>
          <SensorState>Present</SensorState>
          <Extensions>
            <TPX xmlns="https://www.garmin.com/xmlschemas/ActivityExtension/v2">
              <Watts>81</Watts>
            </TPX>
          </Extensions>
        </Trackpoint>
        <Trackpoint>
          <Time>2026-05-13T12:09:33Z</Time>
          <DistanceMeters>1379.4</DistanceMeters>
          <Cadence>21</Cadence>
          <SensorState>Present</SensorState>
          <Extensions>
            <TPX xmlns="https://www.garmin.com/xmlschemas/ActivityExtension/v2">
              <Watts>83</Watts>
            </TPX>
          </Extensions>
        </Trackpoint>
        <Trackpoint>
          <Time>2026-05-13T12:09:35Z</Time>
          <DistanceMeters>1385.5</DistanceMeters>
          <Cadence>21</Cadence>
          <SensorState>Present</SensorState>
          <Extensions>
            <TPX xmlns="https://www.garmin.com/xmlschemas/ActivityExtension/v2">
              <Watts>83</Watts>
            </TPX>
          </Extensions>
        </Trackpoint>
        <Trackpoint>
          <Time>2026-05-13T12:09:38Z</Time>
          <DistanceMeters>1394.7</DistanceMeters>
          <Cadence>20</Cadence>
          <SensorState>Present</SensorState>
          <Extensions>
            <TPX xmlns="https://www.garmin.com/xmlschemas/ActivityExtension/v2">
              <Watts>81</Watts>
            </TPX>
          </Extensions>
        </Trackpoint>
        <Trackpoint>
          <Time>2026-05-13T12:09:41Z</Time>
          <DistanceMeters>1404</DistanceMeters>
          <Cadence>21</Cadence>
          <SensorState>Present</SensorState>
          <Extensions>
            <TPX xmlns="https://www.garmin.com/xmlschemas/ActivityExtension/v2">
              <Watts>83</Watts>
            </TPX>
          </Extensions>
        </Trackpoint>
        <Trackpoint>
          <Time>2026-05-13T12:09:44Z</Time>
          <DistanceMeters>1413.5</DistanceMeters>
          <Cadence>20</Cadence>
          <SensorState>Present</SensorState>
          <Extensions>
            <TPX xmlns="https://www.garmin.com/xmlschemas/ActivityExtension/v2">
              <Watts>84</Watts>
            </TPX>
          </Extensions>
        </Trackpoint>
        <Trackpoint>
          <Time>2026-05-13T12:09:47Z</Time>
          <DistanceMeters>1422.9</DistanceMeters>
          <Cadence>21</Cadence>
          <SensorState>Present</SensorState>
          <Extensions>
            <TPX xmlns="https://www.garmin.com/xmlschemas/ActivityExtension/v2">
              <Watts>89</Watts>
            </TPX>
          </Extensions>
        </Trackpoint>
        <Trackpoint>
          <Time>2026-05-13T12:09:50Z</Time>
          <DistanceMeters>1432.3</DistanceMeters>
          <Cadence>21</Cadence>
          <SensorState>Present</SensorState>
          <Extensions>
            <TPX xmlns="https://www.garmin.com/xmlschemas/ActivityExtension/v2">
              <Watts>85</Watts>
            </TPX>
          </Extensions>
        </Trackpoint>
        <Trackpoint>
          <Time>2026-05-13T12:09:53Z</Time>
          <DistanceMeters>1441.7</DistanceMeters>
          <Cadence>20</Cadence>
          <SensorState>Present</SensorState>
          <Extensions>
            <TPX xmlns="https://www.garmin.com/xmlschemas/ActivityExtension/v2">
              <Watts>86</Watts>
            </TPX>
          </Extensions>
        </Trackpoint>
        <Trackpoint>
          <Time>2026-05-13T12:09:56Z</Time>
          <DistanceMeters>1451.1</DistanceMeters>
          <Cadence>21</Cadence>
          <SensorState>Present</SensorState>
          <Extensions>
            <TPX xmlns="https://www.garmin.com/xmlschemas/ActivityExtension/v2">
              <Watts>85</Watts>
            </TPX>
          </Extensions>
        </Trackpoint>
        <Trackpoint>
          <Time>2026-05-13T12:09:58Z</Time>
          <DistanceMeters>1457.3</DistanceMeters>
          <Cadence>22</Cadence>
          <SensorState>Present</SensorState>
          <Extensions>
            <TPX xmlns="https://www.garmin.com/xmlschemas/ActivityExtension/v2">
              <Watts>84</Watts>
            </TPX>
          </Extensions>
        </Trackpoint>
        <Trackpoint>
          <Time>2026-05-13T12:10:03Z</Time>
          <DistanceMeters>1471.9</DistanceMeters>
          <Cadence>22</Cadence>
          <SensorState>Present</SensorState>
          <Extensions>
            <TPX xmlns="https://www.garmin.com/xmlschemas/ActivityExtension/v2">
              <Watts>84</Watts>
            </TPX>
          </Extensions>
        </Trackpoint>
        <Trackpoint>
          <Time>2026-05-13T12:10:06Z</Time>
          <DistanceMeters>1480.3</DistanceMeters>
          <Cadence>12</Cadence>
          <SensorState>Present</SensorState>
          <Extensions>
            <TPX xmlns="https://www.garmin.com/xmlschemas/ActivityExtension/v2">
              <Watts>65</Watts>
            </TPX>
          </Extensions>
        </Trackpoint>
        <Trackpoint>
          <Time>2026-05-13T12:10:09Z</Time>
          <DistanceMeters>1489.4</DistanceMeters>
          <Cadence>24</Cadence>
          <SensorState>Present</SensorState>
          <Extensions>
            <TPX xmlns="https://www.garmin.com/xmlschemas/ActivityExtension/v2">
              <Watts>66</Watts>
            </TPX>
          </Extensions>
        </Trackpoint>
        <Trackpoint>
          <Time>2026-05-13T12:10:12Z</Time>
          <DistanceMeters>1498.6</DistanceMeters>
          <Cadence>21</Cadence>
          <SensorState>Present</SensorState>
          <Extensions>
            <TPX xmlns="https://www.garmin.com/xmlschemas/ActivityExtension/v2">
              <Watts>77</Watts>
            </TPX>
          </Extensions>
        </Trackpoint>
        <Trackpoint>
          <Time>2026-05-13T12:10:15Z</Time>
          <DistanceMeters>1507.9</DistanceMeters>
          <Cadence>21</Cadence>
          <SensorState>Present</SensorState>
          <Extensions>
            <TPX xmlns="https://www.garmin.com/xmlschemas/ActivityExtension/v2">
              <Watts>81</Watts>
            </TPX>
          </Extensions>
        </Trackpoint>
        <Trackpoint>
          <Time>2026-05-13T12:10:17Z</Time>
          <DistanceMeters>1514.2</DistanceMeters>
          <Cadence>21</Cadence>
          <SensorState>Present</SensorState>
          <Extensions>
            <TPX xmlns="https://www.garmin.com/xmlschemas/ActivityExtension/v2">
              <Watts>81</Watts>
            </TPX>
          </Extensions>
        </Trackpoint>
        <Trackpoint>
          <Time>2026-05-13T12:10:20Z</Time>
          <DistanceMeters>1523.7</DistanceMeters>
          <Cadence>21</Cadence>
          <SensorState>Present</SensorState>
          <Extensions>
            <TPX xmlns="https://www.garmin.com/xmlschemas/ActivityExtension/v2">
              <Watts>87</Watts>
            </TPX>
          </Extensions>
        </Trackpoint>
        <Trackpoint>
          <Time>2026-05-13T12:10:23Z</Time>
          <DistanceMeters>1533</DistanceMeters>
          <Cadence>20</Cadence>
          <SensorState>Present</SensorState>
          <Extensions>
            <TPX xmlns="https://www.garmin.com/xmlschemas/ActivityExtension/v2">
              <Watts>89</Watts>
            </TPX>
          </Extensions>
        </Trackpoint>
        <Trackpoint>
          <Time>2026-05-13T12:10:26Z</Time>
          <DistanceMeters>1542.3</DistanceMeters>
          <Cadence>21</Cadence>
          <SensorState>Present</SensorState>
          <Extensions>
            <TPX xmlns="https://www.garmin.com/xmlschemas/ActivityExtension/v2">
              <Watts>83</Watts>
            </TPX>
          </Extensions>
        </Trackpoint>
        <Trackpoint>
          <Time>2026-05-13T12:10:29Z</Time>
          <DistanceMeters>1551.6</DistanceMeters>
          <Cadence>20</Cadence>
          <SensorState>Present</SensorState>
          <Extensions>
            <TPX xmlns="https://www.garmin.com/xmlschemas/ActivityExtension/v2">
              <Watts>83</Watts>
            </TPX>
          </Extensions>
        </Trackpoint>
        <Trackpoint>
          <Time>2026-05-13T12:10:32Z</Time>
          <DistanceMeters>1560.8</DistanceMeters>
          <Cadence>21</Cadence>
          <SensorState>Present</SensorState>
          <Extensions>
            <TPX xmlns="https://www.garmin.com/xmlschemas/ActivityExtension/v2">
              <Watts>82</Watts>
            </TPX>
          </Extensions>
        </Trackpoint>
        <Trackpoint>
          <Time>2026-05-13T12:10:35Z</Time>
          <DistanceMeters>1570</DistanceMeters>
          <Cadence>21</Cadence>
          <SensorState>Present</SensorState>
          <Extensions>
            <TPX xmlns="https://www.garmin.com/xmlschemas/ActivityExtension/v2">
              <Watts>78</Watts>
            </TPX>
          </Extensions>
        </Trackpoint>
        <Trackpoint>
          <Time>2026-05-13T12:10:37Z</Time>
          <DistanceMeters>1576</DistanceMeters>
          <Cadence>21</Cadence>
          <SensorState>Present</SensorState>
          <Extensions>
            <TPX xmlns="https://www.garmin.com/xmlschemas/ActivityExtension/v2">
              <Watts>78</Watts>
            </TPX>
          </Extensions>
        </Trackpoint>
        <Trackpoint>
          <Time>2026-05-13T12:10:40Z</Time>
          <DistanceMeters>1585</DistanceMeters>
          <Cadence>23</Cadence>
          <SensorState>Present</SensorState>
          <Extensions>
            <TPX xmlns="https://www.garmin.com/xmlschemas/ActivityExtension/v2">
              <Watts>75</Watts>
            </TPX>
          </Extensions>
        </Trackpoint>
        <Trackpoint>
          <Time>2026-05-13T12:10:43Z</Time>
          <DistanceMeters>1594.4</DistanceMeters>
          <Cadence>23</Cadence>
          <SensorState>Present</SensorState>
          <Extensions>
            <TPX xmlns="https://www.garmin.com/xmlschemas/ActivityExtension/v2">
              <Watts>81</Watts>
            </TPX>
          </Extensions>
        </Trackpoint>
        <Trackpoint>
          <Time>2026-05-13T12:10:45Z</Time>
          <DistanceMeters>1600.5</DistanceMeters>
          <Cadence>23</Cadence>
          <SensorState>Present</SensorState>
          <Extensions>
            <TPX xmlns="https://www.garmin.com/xmlschemas/ActivityExtension/v2">
              <Watts>81</Watts>
            </TPX>
          </Extensions>
        </Trackpoint>
        <Trackpoint>
          <Time>2026-05-13T12:10:48Z</Time>
          <DistanceMeters>1609.5</DistanceMeters>
          <Cadence>22</Cadence>
          <SensorState>Present</SensorState>
          <Extensions>
            <TPX xmlns="https://www.garmin.com/xmlschemas/ActivityExtension/v2">
              <Watts>81</Watts>
            </TPX>
          </Extensions>
        </Trackpoint>
        <Trackpoint>
          <Time>2026-05-13T12:10:51Z</Time>
          <DistanceMeters>1618.8</DistanceMeters>
          <Cadence>21</Cadence>
          <SensorState>Present</SensorState>
          <Extensions>
            <TPX xmlns="https://www.garmin.com/xmlschemas/ActivityExtension/v2">
              <Watts>77</Watts>
            </TPX>
          </Extensions>
        </Trackpoint>
        <Trackpoint>
          <Time>2026-05-13T12:10:54Z</Time>
          <DistanceMeters>1628.1</DistanceMeters>
          <Cadence>22</Cadence>
          <SensorState>Present</SensorState>
          <Extensions>
            <TPX xmlns="https://www.garmin.com/xmlschemas/ActivityExtension/v2">
              <Watts>83</Watts>
            </TPX>
          </Extensions>
        </Trackpoint>
        <Trackpoint>
          <Time>2026-05-13T12:10:56Z</Time>
          <DistanceMeters>1634.2</DistanceMeters>
          <Cadence>22</Cadence>
          <SensorState>Present</SensorState>
          <Extensions>
            <TPX xmlns="https://www.garmin.com/xmlschemas/ActivityExtension/v2">
              <Watts>83</Watts>
            </TPX>
          </Extensions>
        </Trackpoint>
        <Trackpoint>
          <Time>2026-05-13T12:10:59Z</Time>
          <DistanceMeters>1643.8</DistanceMeters>
          <Cadence>23</Cadence>
          <SensorState>Present</SensorState>
          <Extensions>
            <TPX xmlns="https://www.garmin.com/xmlschemas/ActivityExtension/v2">
              <Watts>84</Watts>
            </TPX>
          </Extensions>
        </Trackpoint>
        <Trackpoint>
          <Time>2026-05-13T12:11:01Z</Time>
          <DistanceMeters>1650.2</DistanceMeters>
          <Cadence>23</Cadence>
          <SensorState>Present</SensorState>
          <Extensions>
            <TPX xmlns="https://www.garmin.com/xmlschemas/ActivityExtension/v2">
              <Watts>89</Watts>
            </TPX>
          </Extensions>
        </Trackpoint>
        <Trackpoint>
          <Time>2026-05-13T12:11:04Z</Time>
          <DistanceMeters>1659.6</DistanceMeters>
          <Cadence>23</Cadence>
          <SensorState>Present</SensorState>
          <Extensions>
            <TPX xmlns="https://www.garmin.com/xmlschemas/ActivityExtension/v2">
              <Watts>90</Watts>
            </TPX>
          </Extensions>
        </Trackpoint>
        <Trackpoint>
          <Time>2026-05-13T12:11:07Z</Time>
          <DistanceMeters>1669.1</DistanceMeters>
          <Cadence>22</Cadence>
          <SensorState>Present</SensorState>
          <Extensions>
            <TPX xmlns="https://www.garmin.com/xmlschemas/ActivityExtension/v2">
              <Watts>87</Watts>
            </TPX>
          </Extensions>
        </Trackpoint>
        <Trackpoint>
          <Time>2026-05-13T12:11:10Z</Time>
          <DistanceMeters>1678.6</DistanceMeters>
          <Cadence>22</Cadence>
          <SensorState>Present</SensorState>
          <Extensions>
            <TPX xmlns="https://www.garmin.com/xmlschemas/ActivityExtension/v2">
              <Watts>87</Watts>
            </TPX>
          </Extensions>
        </Trackpoint>
        <Trackpoint>
          <Time>2026-05-13T12:11:12Z</Time>
          <DistanceMeters>1684.9</DistanceMeters>
          <Cadence>22</Cadence>
          <SensorState>Present</SensorState>
          <Extensions>
            <TPX xmlns="https://www.garmin.com/xmlschemas/ActivityExtension/v2">
              <Watts>86</Watts>
            </TPX>
          </Extensions>
        </Trackpoint>
        <Trackpoint>
          <Time>2026-05-13T12:11:15Z</Time>
          <DistanceMeters>1694.5</DistanceMeters>
          <Cadence>23</Cadence>
          <SensorState>Present</SensorState>
          <Extensions>
            <TPX xmlns="https://www.garmin.com/xmlschemas/ActivityExtension/v2">
              <Watts>89</Watts>
            </TPX>
          </Extensions>
        </Trackpoint>
        <Trackpoint>
          <Time>2026-05-13T12:11:18Z</Time>
          <DistanceMeters>1704.1</DistanceMeters>
          <Cadence>23</Cadence>
          <SensorState>Present</SensorState>
          <Extensions>
            <TPX xmlns="https://www.garmin.com/xmlschemas/ActivityExtension/v2">
              <Watts>92</Watts>
            </TPX>
          </Extensions>
        </Trackpoint>
        <Trackpoint>
          <Time>2026-05-13T12:11:20Z</Time>
          <DistanceMeters>1710.4</DistanceMeters>
          <Cadence>21</Cadence>
          <SensorState>Present</SensorState>
          <Extensions>
            <TPX xmlns="https://www.garmin.com/xmlschemas/ActivityExtension/v2">
              <Watts>89</Watts>
            </TPX>
          </Extensions>
        </Trackpoint>
        <Trackpoint>
          <Time>2026-05-13T12:11:23Z</Time>
          <DistanceMeters>1719.8</DistanceMeters>
          <Cadence>23</Cadence>
          <SensorState>Present</SensorState>
          <Extensions>
            <TPX xmlns="https://www.garmin.com/xmlschemas/ActivityExtension/v2">
              <Watts>89</Watts>
            </TPX>
          </Extensions>
        </Trackpoint>
        <Trackpoint>
          <Time>2026-05-13T12:11:26Z</Time>
          <DistanceMeters>1729.5</DistanceMeters>
          <Cadence>23</Cadence>
          <SensorState>Present</SensorState>
          <Extensions>
            <TPX xmlns="https://www.garmin.com/xmlschemas/ActivityExtension/v2">
              <Watts>88</Watts>
            </TPX>
          </Extensions>
        </Trackpoint>
        <Trackpoint>
          <Time>2026-05-13T12:11:28Z</Time>
          <DistanceMeters>1735.8</DistanceMeters>
          <Cadence>23</Cadence>
          <SensorState>Present</SensorState>
          <Extensions>
            <TPX xmlns="https://www.garmin.com/xmlschemas/ActivityExtension/v2">
              <Watts>88</Watts>
            </TPX>
          </Extensions>
        </Trackpoint>
        <Trackpoint>
          <Time>2026-05-13T12:11:31Z</Time>
          <DistanceMeters>1745.4</DistanceMeters>
          <Cadence>23</Cadence>
          <SensorState>Present</SensorState>
          <Extensions>
            <TPX xmlns="https://www.garmin.com/xmlschemas/ActivityExtension/v2">
              <Watts>90</Watts>
            </TPX>
          </Extensions>
        </Trackpoint>
        <Trackpoint>
          <Time>2026-05-13T12:11:34Z</Time>
          <DistanceMeters>1755.2</DistanceMeters>
          <Cadence>21</Cadence>
          <SensorState>Present</SensorState>
          <Extensions>
            <TPX xmlns="https://www.garmin.com/xmlschemas/ActivityExtension/v2">
              <Watts>93</Watts>
            </TPX>
          </Extensions>
        </Trackpoint>
        <Trackpoint>
          <Time>2026-05-13T12:11:37Z</Time>
          <DistanceMeters>1765</DistanceMeters>
          <Cadence>21</Cadence>
          <SensorState>Present</SensorState>
          <Extensions>
            <TPX xmlns="https://www.garmin.com/xmlschemas/ActivityExtension/v2">
              <Watts>95</Watts>
            </TPX>
          </Extensions>
        </Trackpoint>
        <Trackpoint>
          <Time>2026-05-13T12:11:39Z</Time>
          <DistanceMeters>1771.6</DistanceMeters>
          <Cadence>21</Cadence>
          <SensorState>Present</SensorState>
          <Extensions>
            <TPX xmlns="https://www.garmin.com/xmlschemas/ActivityExtension/v2">
              <Watts>95</Watts>
            </TPX>
          </Extensions>
        </Trackpoint>
        <Trackpoint>
          <Time>2026-05-13T12:11:42Z</Time>
          <DistanceMeters>1781.6</DistanceMeters>
          <Cadence>22</Cadence>
          <SensorState>Present</SensorState>
          <Extensions>
            <TPX xmlns="https://www.garmin.com/xmlschemas/ActivityExtension/v2">
              <Watts>101</Watts>
            </TPX>
          </Extensions>
        </Trackpoint>
        <Trackpoint>
          <Time>2026-05-13T12:11:45Z</Time>
          <DistanceMeters>1791.2</DistanceMeters>
          <Cadence>21</Cadence>
          <SensorState>Present</SensorState>
          <Extensions>
            <TPX xmlns="https://www.garmin.com/xmlschemas/ActivityExtension/v2">
              <Watts>101</Watts>
            </TPX>
          </Extensions>
        </Trackpoint>
        <Trackpoint>
          <Time>2026-05-13T12:11:48Z</Time>
          <DistanceMeters>1800.9</DistanceMeters>
          <Cadence>21</Cadence>
          <SensorState>Present</SensorState>
          <Extensions>
            <TPX xmlns="https://www.garmin.com/xmlschemas/ActivityExtension/v2">
              <Watts>93</Watts>
            </TPX>
          </Extensions>
        </Trackpoint>
        <Trackpoint>
          <Time>2026-05-13T12:11:51Z</Time>
          <DistanceMeters>1810.4</DistanceMeters>
          <Cadence>21</Cadence>
          <SensorState>Present</SensorState>
          <Extensions>
            <TPX xmlns="https://www.garmin.com/xmlschemas/ActivityExtension/v2">
              <Watts>90</Watts>
            </TPX>
          </Extensions>
        </Trackpoint>
        <Trackpoint>
          <Time>2026-05-13T12:11:53Z</Time>
          <DistanceMeters>1816.7</DistanceMeters>
          <Cadence>22</Cadence>
          <SensorState>Present</SensorState>
          <Extensions>
            <TPX xmlns="https://www.garmin.com/xmlschemas/ActivityExtension/v2">
              <Watts>88</Watts>
            </TPX>
          </Extensions>
        </Trackpoint>
        <Trackpoint>
          <Time>2026-05-13T12:11:56Z</Time>
          <DistanceMeters>1826.1</DistanceMeters>
          <Cadence>23</Cadence>
          <SensorState>Present</SensorState>
          <Extensions>
            <TPX xmlns="https://www.garmin.com/xmlschemas/ActivityExtension/v2">
              <Watts>88</Watts>
            </TPX>
          </Extensions>
        </Trackpoint>
        <Trackpoint>
          <Time>2026-05-13T12:11:59Z</Time>
          <DistanceMeters>1835.4</DistanceMeters>
          <Cadence>22</Cadence>
          <SensorState>Present</SensorState>
          <Extensions>
            <TPX xmlns="https://www.garmin.com/xmlschemas/ActivityExtension/v2">
              <Watts>85</Watts>
            </TPX>
          </Extensions>
        </Trackpoint>
        <Trackpoint>
          <Time>2026-05-13T12:12:02Z</Time>
          <DistanceMeters>1844.6</DistanceMeters>
          <Cadence>22</Cadence>
          <SensorState>Present</SensorState>
          <Extensions>
            <TPX xmlns="https://www.garmin.com/xmlschemas/ActivityExtension/v2">
              <Watts>80</Watts>
            </TPX>
          </Extensions>
        </Trackpoint>
        <Trackpoint>
          <Time>2026-05-13T12:12:04Z</Time>
          <DistanceMeters>1850.7</DistanceMeters>
          <Cadence>22</Cadence>
          <SensorState>Present</SensorState>
          <Extensions>
            <TPX xmlns="https://www.garmin.com/xmlschemas/ActivityExtension/v2">
              <Watts>80</Watts>
            </TPX>
          </Extensions>
        </Trackpoint>
        <Trackpoint>
          <Time>2026-05-13T12:12:07Z</Time>
          <DistanceMeters>1860.3</DistanceMeters>
          <Cadence>24</Cadence>
          <SensorState>Present</SensorState>
          <Extensions>
            <TPX xmlns="https://www.garmin.com/xmlschemas/ActivityExtension/v2">
              <Watts>87</Watts>
            </TPX>
          </Extensions>
        </Trackpoint>
        <Trackpoint>
          <Time>2026-05-13T12:12:09Z</Time>
          <DistanceMeters>1866.5</DistanceMeters>
          <Cadence>24</Cadence>
          <SensorState>Present</SensorState>
          <Extensions>
            <TPX xmlns="https://www.garmin.com/xmlschemas/ActivityExtension/v2">
              <Watts>87</Watts>
            </TPX>
          </Extensions>
        </Trackpoint>
        <Trackpoint>
          <Time>2026-05-13T12:12:12Z</Time>
          <DistanceMeters>1875.5</DistanceMeters>
          <Cadence>21</Cadence>
          <SensorState>Present</SensorState>
          <Extensions>
            <TPX xmlns="https://www.garmin.com/xmlschemas/ActivityExtension/v2">
              <Watts>81</Watts>
            </TPX>
          </Extensions>
        </Trackpoint>
        <Trackpoint>
          <Time>2026-05-13T12:12:15Z</Time>
          <DistanceMeters>1884.9</DistanceMeters>
          <Cadence>23</Cadence>
          <SensorState>Present</SensorState>
          <Extensions>
            <TPX xmlns="https://www.garmin.com/xmlschemas/ActivityExtension/v2">
              <Watts>83</Watts>
            </TPX>
          </Extensions>
        </Trackpoint>
        <Trackpoint>
          <Time>2026-05-13T12:12:17Z</Time>
          <DistanceMeters>1891</DistanceMeters>
          <Cadence>23</Cadence>
          <SensorState>Present</SensorState>
          <Extensions>
            <TPX xmlns="https://www.garmin.com/xmlschemas/ActivityExtension/v2">
              <Watts>83</Watts>
            </TPX>
          </Extensions>
        </Trackpoint>
        <Trackpoint>
          <Time>2026-05-13T12:12:20Z</Time>
          <DistanceMeters>1900.3</DistanceMeters>
          <Cadence>22</Cadence>
          <SensorState>Present</SensorState>
          <Extensions>
            <TPX xmlns="https://www.garmin.com/xmlschemas/ActivityExtension/v2">
              <Watts>83</Watts>
            </TPX>
          </Extensions>
        </Trackpoint>
        <Trackpoint>
          <Time>2026-05-13T12:12:23Z</Time>
          <DistanceMeters>1909.7</DistanceMeters>
          <Cadence>19</Cadence>
          <SensorState>Present</SensorState>
          <Extensions>
            <TPX xmlns="https://www.garmin.com/xmlschemas/ActivityExtension/v2">
              <Watts>81</Watts>
            </TPX>
          </Extensions>
        </Trackpoint>
        <Trackpoint>
          <Time>2026-05-13T12:12:25Z</Time>
          <DistanceMeters>1916.2</DistanceMeters>
          <Cadence>24</Cadence>
          <SensorState>Present</SensorState>
          <Extensions>
            <TPX xmlns="https://www.garmin.com/xmlschemas/ActivityExtension/v2">
              <Watts>89</Watts>
            </TPX>
          </Extensions>
        </Trackpoint>
        <Trackpoint>
          <Time>2026-05-13T12:12:28Z</Time>
          <DistanceMeters>1925.6</DistanceMeters>
          <Cadence>23</Cadence>
          <SensorState>Present</SensorState>
          <Extensions>
            <TPX xmlns="https://www.garmin.com/xmlschemas/ActivityExtension/v2">
              <Watts>91</Watts>
            </TPX>
          </Extensions>
        </Trackpoint>
        <Trackpoint>
          <Time>2026-05-13T12:12:31Z</Time>
          <DistanceMeters>1935.2</DistanceMeters>
          <Cadence>23</Cadence>
          <SensorState>Present</SensorState>
          <Extensions>
            <TPX xmlns="https://www.garmin.com/xmlschemas/ActivityExtension/v2">
              <Watts>86</Watts>
            </TPX>
          </Extensions>
        </Trackpoint>
        <Trackpoint>
          <Time>2026-05-13T12:12:33Z</Time>
          <DistanceMeters>1941.4</DistanceMeters>
          <Cadence>23</Cadence>
          <SensorState>Present</SensorState>
          <Extensions>
            <TPX xmlns="https://www.garmin.com/xmlschemas/ActivityExtension/v2">
              <Watts>88</Watts>
            </TPX>
          </Extensions>
        </Trackpoint>
        <Trackpoint>
          <Time>2026-05-13T12:12:36Z</Time>
          <DistanceMeters>1950.9</DistanceMeters>
          <Cadence>24</Cadence>
          <SensorState>Present</SensorState>
          <Extensions>
            <TPX xmlns="https://www.garmin.com/xmlschemas/ActivityExtension/v2">
              <Watts>87</Watts>
            </TPX>
          </Extensions>
        </Trackpoint>
        <Trackpoint>
          <Time>2026-05-13T12:12:39Z</Time>
          <DistanceMeters>1960.3</DistanceMeters>
          <Cadence>23</Cadence>
          <SensorState>Present</SensorState>
          <Extensions>
            <TPX xmlns="https://www.garmin.com/xmlschemas/ActivityExtension/v2">
              <Watts>84</Watts>
            </TPX>
          </Extensions>
        </Trackpoint>
        <Trackpoint>
          <Time>2026-05-13T12:12:41Z</Time>
          <DistanceMeters>1966.5</DistanceMeters>
          <Cadence>23</Cadence>
          <SensorState>Present</SensorState>
          <Extensions>
            <TPX xmlns="https://www.garmin.com/xmlschemas/ActivityExtension/v2">
              <Watts>84</Watts>
            </TPX>
          </Extensions>
        </Trackpoint>
        <Trackpoint>
          <Time>2026-05-13T12:12:44Z</Time>
          <DistanceMeters>1976</DistanceMeters>
          <Cadence>23</Cadence>
          <SensorState>Present</SensorState>
          <Extensions>
            <TPX xmlns="https://www.garmin.com/xmlschemas/ActivityExtension/v2">
              <Watts>86</Watts>
            </TPX>
          </Extensions>
        </Trackpoint>
        <Trackpoint>
          <Time>2026-05-13T12:12:46Z</Time>
          <DistanceMeters>1982.4</DistanceMeters>
          <Cadence>23</Cadence>
          <SensorState>Present</SensorState>
          <Extensions>
            <TPX xmlns="https://www.garmin.com/xmlschemas/ActivityExtension/v2">
              <Watts>87</Watts>
            </TPX>
          </Extensions>
        </Trackpoint>
        <Trackpoint>
          <Time>2026-05-13T12:12:49Z</Time>
          <DistanceMeters>1991.7</DistanceMeters>
          <Cadence>23</Cadence>
          <SensorState>Present</SensorState>
          <Extensions>
            <TPX xmlns="https://www.garmin.com/xmlschemas/ActivityExtension/v2">
              <Watts>87</Watts>
            </TPX>
          </Extensions>
        </Trackpoint>
        <Trackpoint>
          <Time>2026-05-13T12:12:52Z</Time>
          <DistanceMeters>2001</DistanceMeters>
          <Cadence>23</Cadence>
          <SensorState>Present</SensorState>
          <Extensions>
            <TPX xmlns="https://www.garmin.com/xmlschemas/ActivityExtension/v2">
              <Watts>85</Watts>
            </TPX>
          </Extensions>
        </Trackpoint>
        <Trackpoint>
          <Time>2026-05-13T12:12:55Z</Time>
          <DistanceMeters>2010.4</DistanceMeters>
          <Cadence>22</Cadence>
          <SensorState>Present</SensorState>
          <Extensions>
            <TPX xmlns="https://www.garmin.com/xmlschemas/ActivityExtension/v2">
              <Watts>83</Watts>
            </TPX>
          </Extensions>
        </Trackpoint>
        <Trackpoint>
          <Time>2026-05-13T12:12:57Z</Time>
          <DistanceMeters>2016.8</DistanceMeters>
          <Cadence>21</Cadence>
          <SensorState>Present</SensorState>
          <Extensions>
            <TPX xmlns="https://www.garmin.com/xmlschemas/ActivityExtension/v2">
              <Watts>85</Watts>
            </TPX>
          </Extensions>
        </Trackpoint>
        <Trackpoint>
          <Time>2026-05-13T12:13:00Z</Time>
          <DistanceMeters>2026.1</DistanceMeters>
          <Cadence>23</Cadence>
          <SensorState>Present</SensorState>
          <Extensions>
            <TPX xmlns="https://www.garmin.com/xmlschemas/ActivityExtension/v2">
              <Watts>89</Watts>
            </TPX>
          </Extensions>
        </Trackpoint>
        <Trackpoint>
          <Time>2026-05-13T12:13:03Z</Time>
          <DistanceMeters>2035.4</DistanceMeters>
          <Cadence>23</Cadence>
          <SensorState>Present</SensorState>
          <Extensions>
            <TPX xmlns="https://www.garmin.com/xmlschemas/ActivityExtension/v2">
              <Watts>85</Watts>
            </TPX>
          </Extensions>
        </Trackpoint>
        <Trackpoint>
          <Time>2026-05-13T12:13:05Z</Time>
          <DistanceMeters>2041.6</DistanceMeters>
          <Cadence>21</Cadence>
          <SensorState>Present</SensorState>
          <Extensions>
            <TPX xmlns="https://www.garmin.com/xmlschemas/ActivityExtension/v2">
              <Watts>80</Watts>
            </TPX>
          </Extensions>
        </Trackpoint>
        <Trackpoint>
          <Time>2026-05-13T12:13:08Z</Time>
          <DistanceMeters>2051.3</DistanceMeters>
          <Cadence>23</Cadence>
          <SensorState>Present</SensorState>
          <Extensions>
            <TPX xmlns="https://www.garmin.com/xmlschemas/ActivityExtension/v2">
              <Watts>87</Watts>
            </TPX>
          </Extensions>
        </Trackpoint>
        <Trackpoint>
          <Time>2026-05-13T12:13:11Z</Time>
          <DistanceMeters>2061.4</DistanceMeters>
          <Cadence>22</Cadence>
          <SensorState>Present</SensorState>
          <Extensions>
            <TPX xmlns="https://www.garmin.com/xmlschemas/ActivityExtension/v2">
              <Watts>100</Watts>
            </TPX>
          </Extensions>
        </Trackpoint>
        <Trackpoint>
          <Time>2026-05-13T12:13:14Z</Time>
          <DistanceMeters>2071.4</DistanceMeters>
          <Cadence>21</Cadence>
          <SensorState>Present</SensorState>
          <Extensions>
            <TPX xmlns="https://www.garmin.com/xmlschemas/ActivityExtension/v2">
              <Watts>104</Watts>
            </TPX>
          </Extensions>
        </Trackpoint>
        <Trackpoint>
          <Time>2026-05-13T12:13:17Z</Time>
          <DistanceMeters>2081.3</DistanceMeters>
          <Cadence>20</Cadence>
          <SensorState>Present</SensorState>
          <Extensions>
            <TPX xmlns="https://www.garmin.com/xmlschemas/ActivityExtension/v2">
              <Watts>101</Watts>
            </TPX>
          </Extensions>
        </Trackpoint>
        <Trackpoint>
          <Time>2026-05-13T12:13:20Z</Time>
          <DistanceMeters>2091.4</DistanceMeters>
          <Cadence>21</Cadence>
          <SensorState>Present</SensorState>
          <Extensions>
            <TPX xmlns="https://www.garmin.com/xmlschemas/ActivityExtension/v2">
              <Watts>100</Watts>
            </TPX>
          </Extensions>
        </Trackpoint>
        <Trackpoint>
          <Time>2026-05-13T12:13:23Z</Time>
          <DistanceMeters>2101.7</DistanceMeters>
          <Cadence>20</Cadence>
          <SensorState>Present</SensorState>
          <Extensions>
            <TPX xmlns="https://www.garmin.com/xmlschemas/ActivityExtension/v2">
              <Watts>109</Watts>
            </TPX>
          </Extensions>
        </Trackpoint>
        <Trackpoint>
          <Time>2026-05-13T12:13:25Z</Time>
          <DistanceMeters>2108.5</DistanceMeters>
          <Cadence>20</Cadence>
          <SensorState>Present</SensorState>
          <Extensions>
            <TPX xmlns="https://www.garmin.com/xmlschemas/ActivityExtension/v2">
              <Watts>109</Watts>
            </TPX>
          </Extensions>
        </Trackpoint>
        <Trackpoint>
          <Time>2026-05-13T12:13:29Z</Time>
          <DistanceMeters>2122</DistanceMeters>
          <Cadence>20</Cadence>
          <SensorState>Present</SensorState>
          <Extensions>
            <TPX xmlns="https://www.garmin.com/xmlschemas/ActivityExtension/v2">
              <Watts>105</Watts>
            </TPX>
          </Extensions>
        </Trackpoint>
        <Trackpoint>
          <Time>2026-05-13T12:13:31Z</Time>
          <DistanceMeters>2128.7</DistanceMeters>
          <Cadence>20</Cadence>
          <SensorState>Present</SensorState>
          <Extensions>
            <TPX xmlns="https://www.garmin.com/xmlschemas/ActivityExtension/v2">
              <Watts>105</Watts>
            </TPX>
          </Extensions>
        </Trackpoint>
        <Trackpoint>
          <Time>2026-05-13T12:13:34Z</Time>
          <DistanceMeters>2138.7</DistanceMeters>
          <Cadence>21</Cadence>
          <SensorState>Present</SensorState>
          <Extensions>
            <TPX xmlns="https://www.garmin.com/xmlschemas/ActivityExtension/v2">
              <Watts>106</Watts>
            </TPX>
          </Extensions>
        </Trackpoint>
        <Trackpoint>
          <Time>2026-05-13T12:13:37Z</Time>
          <DistanceMeters>2148.5</DistanceMeters>
          <Cadence>20</Cadence>
          <SensorState>Present</SensorState>
          <Extensions>
            <TPX xmlns="https://www.garmin.com/xmlschemas/ActivityExtension/v2">
              <Watts>103</Watts>
            </TPX>
          </Extensions>
        </Trackpoint>
        <Trackpoint>
          <Time>2026-05-13T12:13:40Z</Time>
          <DistanceMeters>2158.5</DistanceMeters>
          <Cadence>20</Cadence>
          <SensorState>Present</SensorState>
          <Extensions>
            <TPX xmlns="https://www.garmin.com/xmlschemas/ActivityExtension/v2">
              <Watts>99</Watts>
            </TPX>
          </Extensions>
        </Trackpoint>
        <Trackpoint>
          <Time>2026-05-13T12:13:44Z</Time>
          <DistanceMeters>2171.5</DistanceMeters>
          <Cadence>20</Cadence>
          <SensorState>Present</SensorState>
          <Extensions>
            <TPX xmlns="https://www.garmin.com/xmlschemas/ActivityExtension/v2">
              <Watts>100</Watts>
            </TPX>
          </Extensions>
        </Trackpoint>
        <Trackpoint>
          <Time>2026-05-13T12:13:47Z</Time>
          <DistanceMeters>2181.7</DistanceMeters>
          <Cadence>22</Cadence>
          <SensorState>Present</SensorState>
          <Extensions>
            <TPX xmlns="https://www.garmin.com/xmlschemas/ActivityExtension/v2">
              <Watts>104</Watts>
            </TPX>
          </Extensions>
        </Trackpoint>
        <Trackpoint>
          <Time>2026-05-13T12:13:50Z</Time>
          <DistanceMeters>2191</DistanceMeters>
          <Cadence>22</Cadence>
          <SensorState>Present</SensorState>
          <Extensions>
            <TPX xmlns="https://www.garmin.com/xmlschemas/ActivityExtension/v2">
              <Watts>104</Watts>
            </TPX>
          </Extensions>
        </Trackpoint>
        <Trackpoint>
          <Time>2026-05-13T12:13:53Z</Time>
          <DistanceMeters>2200.7</DistanceMeters>
          <Cadence>15</Cadence>
          <SensorState>Present</SensorState>
          <Extensions>
            <TPX xmlns="https://www.garmin.com/xmlschemas/ActivityExtension/v2">
              <Watts>88</Watts>
            </TPX>
          </Extensions>
        </Trackpoint>
        <Trackpoint>
          <Time>2026-05-13T12:13:56Z</Time>
          <DistanceMeters>2210.7</DistanceMeters>
          <Cadence>22</Cadence>
          <SensorState>Present</SensorState>
          <Extensions>
            <TPX xmlns="https://www.garmin.com/xmlschemas/ActivityExtension/v2">
              <Watts>100</Watts>
            </TPX>
          </Extensions>
        </Trackpoint>
        <Trackpoint>
          <Time>2026-05-13T12:13:59Z</Time>
          <DistanceMeters>2220.7</DistanceMeters>
          <Cadence>22</Cadence>
          <SensorState>Present</SensorState>
          <Extensions>
            <TPX xmlns="https://www.garmin.com/xmlschemas/ActivityExtension/v2">
              <Watts>101</Watts>
            </TPX>
          </Extensions>
        </Trackpoint>
        <Trackpoint>
          <Time>2026-05-13T12:14:01Z</Time>
          <DistanceMeters>2227.3</DistanceMeters>
          <Cadence>22</Cadence>
          <SensorState>Present</SensorState>
          <Extensions>
            <TPX xmlns="https://www.garmin.com/xmlschemas/ActivityExtension/v2">
              <Watts>101</Watts>
            </TPX>
          </Extensions>
        </Trackpoint>
        <Trackpoint>
          <Time>2026-05-13T12:14:05Z</Time>
          <DistanceMeters>2239.9</DistanceMeters>
          <Cadence>22</Cadence>
          <SensorState>Present</SensorState>
          <Extensions>
            <TPX xmlns="https://www.garmin.com/xmlschemas/ActivityExtension/v2">
              <Watts>102</Watts>
            </TPX>
          </Extensions>
        </Trackpoint>
        <Trackpoint>
          <Time>2026-05-13T12:14:08Z</Time>
          <DistanceMeters>2249.8</DistanceMeters>
          <Cadence>23</Cadence>
          <SensorState>Present</SensorState>
          <Extensions>
            <TPX xmlns="https://www.garmin.com/xmlschemas/ActivityExtension/v2">
              <Watts>95</Watts>
            </TPX>
          </Extensions>
        </Trackpoint>
        <Trackpoint>
          <Time>2026-05-13T12:14:10Z</Time>
          <DistanceMeters>2256.3</DistanceMeters>
          <Cadence>23</Cadence>
          <SensorState>Present</SensorState>
          <Extensions>
            <TPX xmlns="https://www.garmin.com/xmlschemas/ActivityExtension/v2">
              <Watts>95</Watts>
            </TPX>
          </Extensions>
        </Trackpoint>
        <Trackpoint>
          <Time>2026-05-13T12:14:13Z</Time>
          <DistanceMeters>2266</DistanceMeters>
          <Cadence>21</Cadence>
          <SensorState>Present</SensorState>
          <Extensions>
            <TPX xmlns="https://www.garmin.com/xmlschemas/ActivityExtension/v2">
              <Watts>96</Watts>
            </TPX>
          </Extensions>
        </Trackpoint>
        <Trackpoint>
          <Time>2026-05-13T12:14:16Z</Time>
          <DistanceMeters>2275.6</DistanceMeters>
          <Cadence>20</Cadence>
          <SensorState>Present</SensorState>
          <Extensions>
            <TPX xmlns="https://www.garmin.com/xmlschemas/ActivityExtension/v2">
              <Watts>93</Watts>
            </TPX>
          </Extensions>
        </Trackpoint>
        <Trackpoint>
          <Time>2026-05-13T12:14:19Z</Time>
          <DistanceMeters>2285.5</DistanceMeters>
          <Cadence>22</Cadence>
          <SensorState>Present</SensorState>
          <Extensions>
            <TPX xmlns="https://www.garmin.com/xmlschemas/ActivityExtension/v2">
              <Watts>94</Watts>
            </TPX>
          </Extensions>
        </Trackpoint>
        <Trackpoint>
          <Time>2026-05-13T12:14:21Z</Time>
          <DistanceMeters>2292.3</DistanceMeters>
          <Cadence>23</Cadence>
          <SensorState>Present</SensorState>
          <Extensions>
            <TPX xmlns="https://www.garmin.com/xmlschemas/ActivityExtension/v2">
              <Watts>102</Watts>
            </TPX>
          </Extensions>
        </Trackpoint>
        <Trackpoint>
          <Time>2026-05-13T12:14:24Z</Time>
          <DistanceMeters>2302.4</DistanceMeters>
          <Cadence>23</Cadence>
          <SensorState>Present</SensorState>
          <Extensions>
            <TPX xmlns="https://www.garmin.com/xmlschemas/ActivityExtension/v2">
              <Watts>104</Watts>
            </TPX>
          </Extensions>
        </Trackpoint>
        <Trackpoint>
          <Time>2026-05-13T12:14:27Z</Time>
          <DistanceMeters>2312.5</DistanceMeters>
          <Cadence>23</Cadence>
          <SensorState>Present</SensorState>
          <Extensions>
            <TPX xmlns="https://www.garmin.com/xmlschemas/ActivityExtension/v2">
              <Watts>111</Watts>
            </TPX>
          </Extensions>
        </Trackpoint>
        <Trackpoint>
          <Time>2026-05-13T12:14:29Z</Time>
          <DistanceMeters>2319.6</DistanceMeters>
          <Cadence>21</Cadence>
          <SensorState>Present</SensorState>
          <Extensions>
            <TPX xmlns="https://www.garmin.com/xmlschemas/ActivityExtension/v2">
              <Watts>107</Watts>
            </TPX>
          </Extensions>
        </Trackpoint>
        <Trackpoint>
          <Time>2026-05-13T12:14:32Z</Time>
          <DistanceMeters>2330</DistanceMeters>
          <Cadence>23</Cadence>
          <SensorState>Present</SensorState>
          <Extensions>
            <TPX xmlns="https://www.garmin.com/xmlschemas/ActivityExtension/v2">
              <Watts>117</Watts>
            </TPX>
          </Extensions>
        </Trackpoint>
        <Trackpoint>
          <Time>2026-05-13T12:14:35Z</Time>
          <DistanceMeters>2340.2</DistanceMeters>
          <Cadence>22</Cadence>
          <SensorState>Present</SensorState>
          <Extensions>
            <TPX xmlns="https://www.garmin.com/xmlschemas/ActivityExtension/v2">
              <Watts>117</Watts>
            </TPX>
          </Extensions>
        </Trackpoint>
        <Trackpoint>
          <Time>2026-05-13T12:14:38Z</Time>
          <DistanceMeters>2350.2</DistanceMeters>
          <Cadence>20</Cadence>
          <SensorState>Present</SensorState>
          <Extensions>
            <TPX xmlns="https://www.garmin.com/xmlschemas/ActivityExtension/v2">
              <Watts>107</Watts>
            </TPX>
          </Extensions>
        </Trackpoint>
        <Trackpoint>
          <Time>2026-05-13T12:14:41Z</Time>
          <DistanceMeters>2360.3</DistanceMeters>
          <Cadence>21</Cadence>
          <SensorState>Present</SensorState>
          <Extensions>
            <TPX xmlns="https://www.garmin.com/xmlschemas/ActivityExtension/v2">
              <Watts>105</Watts>
            </TPX>
          </Extensions>
        </Trackpoint>
        <Trackpoint>
          <Time>2026-05-13T12:14:44Z</Time>
          <DistanceMeters>2370.4</DistanceMeters>
          <Cadence>22</Cadence>
          <SensorState>Present</SensorState>
          <Extensions>
            <TPX xmlns="https://www.garmin.com/xmlschemas/ActivityExtension/v2">
              <Watts>103</Watts>
            </TPX>
          </Extensions>
        </Trackpoint>
        <Trackpoint>
          <Time>2026-05-13T12:14:46Z</Time>
          <DistanceMeters>2377</DistanceMeters>
          <Cadence>22</Cadence>
          <SensorState>Present</SensorState>
          <Extensions>
            <TPX xmlns="https://www.garmin.com/xmlschemas/ActivityExtension/v2">
              <Watts>103</Watts>
            </TPX>
          </Extensions>
        </Trackpoint>
        <Trackpoint>
          <Time>2026-05-13T12:14:49Z</Time>
          <DistanceMeters>2386.8</DistanceMeters>
          <Cadence>22</Cadence>
          <SensorState>Present</SensorState>
          <Extensions>
            <TPX xmlns="https://www.garmin.com/xmlschemas/ActivityExtension/v2">
              <Watts>101</Watts>
            </TPX>
          </Extensions>
        </Trackpoint>
        <Trackpoint>
          <Time>2026-05-13T12:14:52Z</Time>
          <DistanceMeters>2396.9</DistanceMeters>
          <Cadence>21</Cadence>
          <SensorState>Present</SensorState>
          <Extensions>
            <TPX xmlns="https://www.garmin.com/xmlschemas/ActivityExtension/v2">
              <Watts>100</Watts>
            </TPX>
          </Extensions>
        </Trackpoint>
        <Trackpoint>
          <Time>2026-05-13T12:14:55Z</Time>
          <DistanceMeters>2406.9</DistanceMeters>
          <Cadence>22</Cadence>
          <SensorState>Present</SensorState>
          <Extensions>
            <TPX xmlns="https://www.garmin.com/xmlschemas/ActivityExtension/v2">
              <Watts>104</Watts>
            </TPX>
          </Extensions>
        </Trackpoint>
        <Trackpoint>
          <Time>2026-05-13T12:14:57Z</Time>
          <DistanceMeters>2413.4</DistanceMeters>
          <Cadence>21</Cadence>
          <SensorState>Present</SensorState>
          <Extensions>
            <TPX xmlns="https://www.garmin.com/xmlschemas/ActivityExtension/v2">
              <Watts>99</Watts>
            </TPX>
          </Extensions>
        </Trackpoint>
        <Trackpoint>
          <Time>2026-05-13T12:15:00Z</Time>
          <DistanceMeters>2423.3</DistanceMeters>
          <Cadence>23</Cadence>
          <SensorState>Present</SensorState>
          <Extensions>
            <TPX xmlns="https://www.garmin.com/xmlschemas/ActivityExtension/v2">
              <Watts>100</Watts>
            </TPX>
          </Extensions>
        </Trackpoint>
        <Trackpoint>
          <Time>2026-05-13T12:15:03Z</Time>
          <DistanceMeters>2433.5</DistanceMeters>
          <Cadence>23</Cadence>
          <SensorState>Present</SensorState>
          <Extensions>
            <TPX xmlns="https://www.garmin.com/xmlschemas/ActivityExtension/v2">
              <Watts>102</Watts>
            </TPX>
          </Extensions>
        </Trackpoint>
        <Trackpoint>
          <Time>2026-05-13T12:15:05Z</Time>
          <DistanceMeters>2440.2</DistanceMeters>
          <Cadence>22</Cadence>
          <SensorState>Present</SensorState>
          <Extensions>
            <TPX xmlns="https://www.garmin.com/xmlschemas/ActivityExtension/v2">
              <Watts>104</Watts>
            </TPX>
          </Extensions>
        </Trackpoint>
        <Trackpoint>
          <Time>2026-05-13T12:15:08Z</Time>
          <DistanceMeters>2450.1</DistanceMeters>
          <Cadence>22</Cadence>
          <SensorState>Present</SensorState>
          <Extensions>
            <TPX xmlns="https://www.garmin.com/xmlschemas/ActivityExtension/v2">
              <Watts>105</Watts>
            </TPX>
          </Extensions>
        </Trackpoint>
        <Trackpoint>
          <Time>2026-05-13T12:15:11Z</Time>
          <DistanceMeters>2459.9</DistanceMeters>
          <Cadence>21</Cadence>
          <SensorState>Present</SensorState>
          <Extensions>
            <TPX xmlns="https://www.garmin.com/xmlschemas/ActivityExtension/v2">
              <Watts>102</Watts>
            </TPX>
          </Extensions>
        </Trackpoint>
        <Trackpoint>
          <Time>2026-05-13T12:15:14Z</Time>
          <DistanceMeters>2469.8</DistanceMeters>
          <Cadence>22</Cadence>
          <SensorState>Present</SensorState>
          <Extensions>
            <TPX xmlns="https://www.garmin.com/xmlschemas/ActivityExtension/v2">
              <Watts>97</Watts>
            </TPX>
          </Extensions>
        </Trackpoint>
        <Trackpoint>
          <Time>2026-05-13T12:15:16Z</Time>
          <DistanceMeters>2476.3</DistanceMeters>
          <Cadence>22</Cadence>
          <SensorState>Present</SensorState>
          <Extensions>
            <TPX xmlns="https://www.garmin.com/xmlschemas/ActivityExtension/v2">
              <Watts>97</Watts>
            </TPX>
          </Extensions>
        </Trackpoint>
        <Trackpoint>
          <Time>2026-05-13T12:15:19Z</Time>
          <DistanceMeters>2486</DistanceMeters>
          <Cadence>22</Cadence>
          <SensorState>Present</SensorState>
          <Extensions>
            <TPX xmlns="https://www.garmin.com/xmlschemas/ActivityExtension/v2">
              <Watts>95</Watts>
            </TPX>
          </Extensions>
        </Trackpoint>
        <Trackpoint>
          <Time>2026-05-13T12:15:22Z</Time>
          <DistanceMeters>2496</DistanceMeters>
          <Cadence>23</Cadence>
          <SensorState>Present</SensorState>
          <Extensions>
            <TPX xmlns="https://www.garmin.com/xmlschemas/ActivityExtension/v2">
              <Watts>99</Watts>
            </TPX>
          </Extensions>
        </Trackpoint>
        <Trackpoint>
          <Time>2026-05-13T12:15:24Z</Time>
          <DistanceMeters>2502.4</DistanceMeters>
          <Cadence>23</Cadence>
          <SensorState>Present</SensorState>
          <Extensions>
            <TPX xmlns="https://www.garmin.com/xmlschemas/ActivityExtension/v2">
              <Watts>99</Watts>
            </TPX>
          </Extensions>
        </Trackpoint>
        <Trackpoint>
          <Time>2026-05-13T12:15:27Z</Time>
          <DistanceMeters>2512.1</DistanceMeters>
          <Cadence>23</Cadence>
          <SensorState>Present</SensorState>
          <Extensions>
            <TPX xmlns="https://www.garmin.com/xmlschemas/ActivityExtension/v2">
              <Watts>94</Watts>
            </TPX>
          </Extensions>
        </Trackpoint>
        <Trackpoint>
          <Time>2026-05-13T12:15:30Z</Time>
          <DistanceMeters>2521.8</DistanceMeters>
          <Cadence>21</Cadence>
          <SensorState>Present</SensorState>
          <Extensions>
            <TPX xmlns="https://www.garmin.com/xmlschemas/ActivityExtension/v2">
              <Watts>94</Watts>
            </TPX>
          </Extensions>
        </Trackpoint>
        <Trackpoint>
          <Time>2026-05-13T12:15:32Z</Time>
          <DistanceMeters>2528.2</DistanceMeters>
          <Cadence>21</Cadence>
          <SensorState>Present</SensorState>
          <Extensions>
            <TPX xmlns="https://www.garmin.com/xmlschemas/ActivityExtension/v2">
              <Watts>94</Watts>
            </TPX>
          </Extensions>
        </Trackpoint>
        <Trackpoint>
          <Time>2026-05-13T12:15:35Z</Time>
          <DistanceMeters>2537.8</DistanceMeters>
          <Cadence>22</Cadence>
          <SensorState>Present</SensorState>
          <Extensions>
            <TPX xmlns="https://www.garmin.com/xmlschemas/ActivityExtension/v2">
              <Watts>91</Watts>
            </TPX>
          </Extensions>
        </Trackpoint>
        <Trackpoint>
          <Time>2026-05-13T12:15:38Z</Time>
          <DistanceMeters>2547.2</DistanceMeters>
          <Cadence>22</Cadence>
          <SensorState>Present</SensorState>
          <Extensions>
            <TPX xmlns="https://www.garmin.com/xmlschemas/ActivityExtension/v2">
              <Watts>90</Watts>
            </TPX>
          </Extensions>
        </Trackpoint>
        <Trackpoint>
          <Time>2026-05-13T12:15:40Z</Time>
          <DistanceMeters>2553.6</DistanceMeters>
          <Cadence>23</Cadence>
          <SensorState>Present</SensorState>
          <Extensions>
            <TPX xmlns="https://www.garmin.com/xmlschemas/ActivityExtension/v2">
              <Watts>87</Watts>
            </TPX>
          </Extensions>
        </Trackpoint>
        <Trackpoint>
          <Time>2026-05-13T12:15:44Z</Time>
          <DistanceMeters>2566</DistanceMeters>
          <Cadence>19</Cadence>
          <SensorState>Present</SensorState>
          <Extensions>
            <TPX xmlns="https://www.garmin.com/xmlschemas/ActivityExtension/v2">
              <Watts>82</Watts>
            </TPX>
          </Extensions>
        </Trackpoint>
        <Trackpoint>
          <Time>2026-05-13T12:15:46Z</Time>
          <DistanceMeters>2572.3</DistanceMeters>
          <Cadence>19</Cadence>
          <SensorState>Present</SensorState>
          <Extensions>
            <TPX xmlns="https://www.garmin.com/xmlschemas/ActivityExtension/v2">
              <Watts>82</Watts>
            </TPX>
          </Extensions>
        </Trackpoint>
        <Trackpoint>
          <Time>2026-05-13T12:15:50Z</Time>
          <DistanceMeters>2584.7</DistanceMeters>
          <Cadence>23</Cadence>
          <SensorState>Present</SensorState>
          <Extensions>
            <TPX xmlns="https://www.garmin.com/xmlschemas/ActivityExtension/v2">
              <Watts>87</Watts>
            </TPX>
          </Extensions>
        </Trackpoint>
        <Trackpoint>
          <Time>2026-05-13T12:15:54Z</Time>
          <DistanceMeters>2596.7</DistanceMeters>
          <Cadence>16</Cadence>
          <SensorState>Present</SensorState>
          <Extensions>
            <TPX xmlns="https://www.garmin.com/xmlschemas/ActivityExtension/v2">
              <Watts>73</Watts>
            </TPX>
          </Extensions>
        </Trackpoint>
        <Trackpoint>
          <Time>2026-05-13T12:15:56Z</Time>
          <DistanceMeters>2602.6</DistanceMeters>
          <Cadence>16</Cadence>
          <SensorState>Present</SensorState>
          <Extensions>
            <TPX xmlns="https://www.garmin.com/xmlschemas/ActivityExtension/v2">
              <Watts>73</Watts>
            </TPX>
          </Extensions>
        </Trackpoint>
        <Trackpoint>
          <Time>2026-05-13T12:16:00Z</Time>
          <DistanceMeters>2614.5</DistanceMeters>
          <Cadence>21</Cadence>
          <SensorState>Present</SensorState>
          <Extensions>
            <TPX xmlns="https://www.garmin.com/xmlschemas/ActivityExtension/v2">
              <Watts>75</Watts>
            </TPX>
          </Extensions>
        </Trackpoint>
        <Trackpoint>
          <Time>2026-05-13T12:16:03Z</Time>
          <DistanceMeters>2623.6</DistanceMeters>
          <Cadence>17</Cadence>
          <SensorState>Present</SensorState>
          <Extensions>
            <TPX xmlns="https://www.garmin.com/xmlschemas/ActivityExtension/v2">
              <Watts>74</Watts>
            </TPX>
          </Extensions>
        </Trackpoint>
        <Trackpoint>
          <Time>2026-05-13T12:16:10Z</Time>
          <DistanceMeters>2643.4</DistanceMeters>
          <Cadence>10</Cadence>
          <SensorState>Present</SensorState>
          <Extensions>
            <TPX xmlns="https://www.garmin.com/xmlschemas/ActivityExtension/v2">
              <Watts>61</Watts>
            </TPX>
          </Extensions>
        </Trackpoint>
        <Trackpoint>
          <Time>2026-05-13T12:16:12Z</Time>
          <DistanceMeters>2649.5</DistanceMeters>
          <Cadence>10</Cadence>
          <SensorState>Present</SensorState>
          <Extensions>
            <TPX xmlns="https://www.garmin.com/xmlschemas/ActivityExtension/v2">
              <Watts>61</Watts>
            </TPX>
          </Extensions>
        </Trackpoint>
        <Trackpoint>
          <Time>2026-05-13T12:16:14Z</Time>
          <DistanceMeters>2656.2</DistanceMeters>
          <Cadence>27</Cadence>
          <SensorState>Present</SensorState>
          <Extensions>
            <TPX xmlns="https://www.garmin.com/xmlschemas/ActivityExtension/v2">
              <Watts>81</Watts>
            </TPX>
          </Extensions>
        </Trackpoint>
        <Trackpoint>
          <Time>2026-05-13T12:16:17Z</Time>
          <DistanceMeters>2666.3</DistanceMeters>
          <Cadence>26</Cadence>
          <SensorState>Present</SensorState>
          <Extensions>
            <TPX xmlns="https://www.garmin.com/xmlschemas/ActivityExtension/v2">
              <Watts>105</Watts>
            </TPX>
          </Extensions>
        </Trackpoint>
        <Trackpoint>
          <Time>2026-05-13T12:16:19Z</Time>
          <DistanceMeters>2673</DistanceMeters>
          <Cadence>23</Cadence>
          <SensorState>Present</SensorState>
          <Extensions>
            <TPX xmlns="https://www.garmin.com/xmlschemas/ActivityExtension/v2">
              <Watts>105</Watts>
            </TPX>
          </Extensions>
        </Trackpoint>
        <Trackpoint>
          <Time>2026-05-13T12:16:22Z</Time>
          <DistanceMeters>2682.9</DistanceMeters>
          <Cadence>24</Cadence>
          <SensorState>Present</SensorState>
          <Extensions>
            <TPX xmlns="https://www.garmin.com/xmlschemas/ActivityExtension/v2">
              <Watts>106</Watts>
            </TPX>
          </Extensions>
        </Trackpoint>
        <Trackpoint>
          <Time>2026-05-13T12:16:25Z</Time>
          <DistanceMeters>2692.9</DistanceMeters>
          <Cadence>24</Cadence>
          <SensorState>Present</SensorState>
          <Extensions>
            <TPX xmlns="https://www.garmin.com/xmlschemas/ActivityExtension/v2">
              <Watts>100</Watts>
            </TPX>
          </Extensions>
        </Trackpoint>
        <Trackpoint>
          <Time>2026-05-13T12:16:27Z</Time>
          <DistanceMeters>2699.4</DistanceMeters>
          <Cadence>24</Cadence>
          <SensorState>Present</SensorState>
          <Extensions>
            <TPX xmlns="https://www.garmin.com/xmlschemas/ActivityExtension/v2">
              <Watts>100</Watts>
            </TPX>
          </Extensions>
        </Trackpoint>
        <Trackpoint>
          <Time>2026-05-13T12:16:30Z</Time>
          <DistanceMeters>2709.1</DistanceMeters>
          <Cadence>23</Cadence>
          <SensorState>Present</SensorState>
          <Extensions>
            <TPX xmlns="https://www.garmin.com/xmlschemas/ActivityExtension/v2">
              <Watts>96</Watts>
            </TPX>
          </Extensions>
        </Trackpoint>
        <Trackpoint>
          <Time>2026-05-13T12:16:32Z</Time>
          <DistanceMeters>2715.5</DistanceMeters>
          <Cadence>22</Cadence>
          <SensorState>Present</SensorState>
          <Extensions>
            <TPX xmlns="https://www.garmin.com/xmlschemas/ActivityExtension/v2">
              <Watts>93</Watts>
            </TPX>
          </Extensions>
        </Trackpoint>
        <Trackpoint>
          <Time>2026-05-13T12:16:35Z</Time>
          <DistanceMeters>2725</DistanceMeters>
          <Cadence>24</Cadence>
          <SensorState>Present</SensorState>
          <Extensions>
            <TPX xmlns="https://www.garmin.com/xmlschemas/ActivityExtension/v2">
              <Watts>90</Watts>
            </TPX>
          </Extensions>
        </Trackpoint>
        <Trackpoint>
          <Time>2026-05-13T12:16:38Z</Time>
          <DistanceMeters>2734.7</DistanceMeters>
          <Cadence>23</Cadence>
          <SensorState>Present</SensorState>
          <Extensions>
            <TPX xmlns="https://www.garmin.com/xmlschemas/ActivityExtension/v2">
              <Watts>90</Watts>
            </TPX>
          </Extensions>
        </Trackpoint>
        <Trackpoint>
          <Time>2026-05-13T12:16:40Z</Time>
          <DistanceMeters>2741</DistanceMeters>
          <Cadence>23</Cadence>
          <SensorState>Present</SensorState>
          <Extensions>
            <TPX xmlns="https://www.garmin.com/xmlschemas/ActivityExtension/v2">
              <Watts>90</Watts>
            </TPX>
          </Extensions>
        </Trackpoint>
        <Trackpoint>
          <Time>2026-05-13T12:16:43Z</Time>
          <DistanceMeters>2750.5</DistanceMeters>
          <Cadence>22</Cadence>
          <SensorState>Present</SensorState>
          <Extensions>
            <TPX xmlns="https://www.garmin.com/xmlschemas/ActivityExtension/v2">
              <Watts>90</Watts>
            </TPX>
          </Extensions>
        </Trackpoint>
        <Trackpoint>
          <Time>2026-05-13T12:16:46Z</Time>
          <DistanceMeters>2760.4</DistanceMeters>
          <Cadence>22</Cadence>
          <SensorState>Present</SensorState>
          <Extensions>
            <TPX xmlns="https://www.garmin.com/xmlschemas/ActivityExtension/v2">
              <Watts>91</Watts>
            </TPX>
          </Extensions>
        </Trackpoint>
        <Trackpoint>
          <Time>2026-05-13T12:16:48Z</Time>
          <DistanceMeters>2767.1</DistanceMeters>
          <Cadence>23</Cadence>
          <SensorState>Present</SensorState>
          <Extensions>
            <TPX xmlns="https://www.garmin.com/xmlschemas/ActivityExtension/v2">
              <Watts>99</Watts>
            </TPX>
          </Extensions>
        </Trackpoint>
        <Trackpoint>
          <Time>2026-05-13T12:16:51Z</Time>
          <DistanceMeters>2776.7</DistanceMeters>
          <Cadence>23</Cadence>
          <SensorState>Present</SensorState>
          <Extensions>
            <TPX xmlns="https://www.garmin.com/xmlschemas/ActivityExtension/v2">
              <Watts>99</Watts>
            </TPX>
          </Extensions>
        </Trackpoint>
        <Trackpoint>
          <Time>2026-05-13T12:16:54Z</Time>
          <DistanceMeters>2786.4</DistanceMeters>
          <Cadence>22</Cadence>
          <SensorState>Present</SensorState>
          <Extensions>
            <TPX xmlns="https://www.garmin.com/xmlschemas/ActivityExtension/v2">
              <Watts>94</Watts>
            </TPX>
          </Extensions>
        </Trackpoint>
        <Trackpoint>
          <Time>2026-05-13T12:16:56Z</Time>
          <DistanceMeters>2792.7</DistanceMeters>
          <Cadence>23</Cadence>
          <SensorState>Present</SensorState>
          <Extensions>
            <TPX xmlns="https://www.garmin.com/xmlschemas/ActivityExtension/v2">
              <Watts>91</Watts>
            </TPX>
          </Extensions>
        </Trackpoint>
        <Trackpoint>
          <Time>2026-05-13T12:16:59Z</Time>
          <DistanceMeters>2802.1</DistanceMeters>
          <Cadence>22</Cadence>
          <SensorState>Present</SensorState>
          <Extensions>
            <TPX xmlns="https://www.garmin.com/xmlschemas/ActivityExtension/v2">
              <Watts>88</Watts>
            </TPX>
          </Extensions>
        </Trackpoint>
        <Trackpoint>
          <Time>2026-05-13T12:17:02Z</Time>
          <DistanceMeters>2811.8</DistanceMeters>
          <Cadence>23</Cadence>
          <SensorState>Present</SensorState>
          <Extensions>
            <TPX xmlns="https://www.garmin.com/xmlschemas/ActivityExtension/v2">
              <Watts>89</Watts>
            </TPX>
          </Extensions>
        </Trackpoint>
        <Trackpoint>
          <Time>2026-05-13T12:17:04Z</Time>
          <DistanceMeters>2818</DistanceMeters>
          <Cadence>23</Cadence>
          <SensorState>Present</SensorState>
          <Extensions>
            <TPX xmlns="https://www.garmin.com/xmlschemas/ActivityExtension/v2">
              <Watts>89</Watts>
            </TPX>
          </Extensions>
        </Trackpoint>
        <Trackpoint>
          <Time>2026-05-13T12:17:07Z</Time>
          <DistanceMeters>2827.7</DistanceMeters>
          <Cadence>24</Cadence>
          <SensorState>Present</SensorState>
          <Extensions>
            <TPX xmlns="https://www.garmin.com/xmlschemas/ActivityExtension/v2">
              <Watts>91</Watts>
            </TPX>
          </Extensions>
        </Trackpoint>
        <Trackpoint>
          <Time>2026-05-13T12:17:09Z</Time>
          <DistanceMeters>2834</DistanceMeters>
          <Cadence>24</Cadence>
          <SensorState>Present</SensorState>
          <Extensions>
            <TPX xmlns="https://www.garmin.com/xmlschemas/ActivityExtension/v2">
              <Watts>91</Watts>
            </TPX>
          </Extensions>
        </Trackpoint>
        <Trackpoint>
          <Time>2026-05-13T12:17:12Z</Time>
          <DistanceMeters>2843.6</DistanceMeters>
          <Cadence>22</Cadence>
          <SensorState>Present</SensorState>
          <Extensions>
            <TPX xmlns="https://www.garmin.com/xmlschemas/ActivityExtension/v2">
              <Watts>90</Watts>
            </TPX>
          </Extensions>
        </Trackpoint>
        <Trackpoint>
          <Time>2026-05-13T12:17:14Z</Time>
          <DistanceMeters>2850.3</DistanceMeters>
          <Cadence>25</Cadence>
          <SensorState>Present</SensorState>
          <Extensions>
            <TPX xmlns="https://www.garmin.com/xmlschemas/ActivityExtension/v2">
              <Watts>93</Watts>
            </TPX>
          </Extensions>
        </Trackpoint>
        <Trackpoint>
          <Time>2026-05-13T12:17:17Z</Time>
          <DistanceMeters>2860.1</DistanceMeters>
          <Cadence>24</Cadence>
          <SensorState>Present</SensorState>
          <Extensions>
            <TPX xmlns="https://www.garmin.com/xmlschemas/ActivityExtension/v2">
              <Watts>100</Watts>
            </TPX>
          </Extensions>
        </Trackpoint>
        <Trackpoint>
          <Time>2026-05-13T12:17:19Z</Time>
          <DistanceMeters>2866.6</DistanceMeters>
          <Cadence>23</Cadence>
          <SensorState>Present</SensorState>
          <Extensions>
            <TPX xmlns="https://www.garmin.com/xmlschemas/ActivityExtension/v2">
              <Watts>97</Watts>
            </TPX>
          </Extensions>
        </Trackpoint>
        <Trackpoint>
          <Time>2026-05-13T12:17:22Z</Time>
          <DistanceMeters>2876.4</DistanceMeters>
          <Cadence>24</Cadence>
          <SensorState>Present</SensorState>
          <Extensions>
            <TPX xmlns="https://www.garmin.com/xmlschemas/ActivityExtension/v2">
              <Watts>95</Watts>
            </TPX>
          </Extensions>
        </Trackpoint>
        <Trackpoint>
          <Time>2026-05-13T12:17:24Z</Time>
          <DistanceMeters>2882.9</DistanceMeters>
          <Cadence>24</Cadence>
          <SensorState>Present</SensorState>
          <Extensions>
            <TPX xmlns="https://www.garmin.com/xmlschemas/ActivityExtension/v2">
              <Watts>96</Watts>
            </TPX>
          </Extensions>
        </Trackpoint>
        <Trackpoint>
          <Time>2026-05-13T12:17:27Z</Time>
          <DistanceMeters>2892.5</DistanceMeters>
          <Cadence>24</Cadence>
          <SensorState>Present</SensorState>
          <Extensions>
            <TPX xmlns="https://www.garmin.com/xmlschemas/ActivityExtension/v2">
              <Watts>94</Watts>
            </TPX>
          </Extensions>
        </Trackpoint>
        <Trackpoint>
          <Time>2026-05-13T12:17:29Z</Time>
          <DistanceMeters>2899.2</DistanceMeters>
          <Cadence>24</Cadence>
          <SensorState>Present</SensorState>
          <Extensions>
            <TPX xmlns="https://www.garmin.com/xmlschemas/ActivityExtension/v2">
              <Watts>94</Watts>
            </TPX>
          </Extensions>
        </Trackpoint>
        <Trackpoint>
          <Time>2026-05-13T12:17:32Z</Time>
          <DistanceMeters>2909.1</DistanceMeters>
          <Cadence>25</Cadence>
          <SensorState>Present</SensorState>
          <Extensions>
            <TPX xmlns="https://www.garmin.com/xmlschemas/ActivityExtension/v2">
              <Watts>102</Watts>
            </TPX>
          </Extensions>
        </Trackpoint>
        <Trackpoint>
          <Time>2026-05-13T12:17:35Z</Time>
          <DistanceMeters>2918.9</DistanceMeters>
          <Cadence>23</Cadence>
          <SensorState>Present</SensorState>
          <Extensions>
            <TPX xmlns="https://www.garmin.com/xmlschemas/ActivityExtension/v2">
              <Watts>102</Watts>
            </TPX>
          </Extensions>
        </Trackpoint>
        <Trackpoint>
          <Time>2026-05-13T12:17:37Z</Time>
          <DistanceMeters>2925.2</DistanceMeters>
          <Cadence>21</Cadence>
          <SensorState>Present</SensorState>
          <Extensions>
            <TPX xmlns="https://www.garmin.com/xmlschemas/ActivityExtension/v2">
              <Watts>94</Watts>
            </TPX>
          </Extensions>
        </Trackpoint>
        <Trackpoint>
          <Time>2026-05-13T12:17:40Z</Time>
          <DistanceMeters>2934.5</DistanceMeters>
          <Cadence>23</Cadence>
          <SensorState>Present</SensorState>
          <Extensions>
            <TPX xmlns="https://www.garmin.com/xmlschemas/ActivityExtension/v2">
              <Watts>87</Watts>
            </TPX>
          </Extensions>
        </Trackpoint>
        <Trackpoint>
          <Time>2026-05-13T12:17:43Z</Time>
          <DistanceMeters>2943.8</DistanceMeters>
          <Cadence>20</Cadence>
          <SensorState>Present</SensorState>
          <Extensions>
            <TPX xmlns="https://www.garmin.com/xmlschemas/ActivityExtension/v2">
              <Watts>81</Watts>
            </TPX>
          </Extensions>
        </Trackpoint>
        <Trackpoint>
          <Time>2026-05-13T12:17:46Z</Time>
          <DistanceMeters>2953.7</DistanceMeters>
          <Cadence>22</Cadence>
          <SensorState>Present</SensorState>
          <Extensions>
            <TPX xmlns="https://www.garmin.com/xmlschemas/ActivityExtension/v2">
              <Watts>88</Watts>
            </TPX>
          </Extensions>
        </Trackpoint>
        <Trackpoint>
          <Time>2026-05-13T12:17:49Z</Time>
          <DistanceMeters>2963.9</DistanceMeters>
          <Cadence>21</Cadence>
          <SensorState>Present</SensorState>
          <Extensions>
            <TPX xmlns="https://www.garmin.com/xmlschemas/ActivityExtension/v2">
              <Watts>101</Watts>
            </TPX>
          </Extensions>
        </Trackpoint>
        <Trackpoint>
          <Time>2026-05-13T12:17:52Z</Time>
          <DistanceMeters>2974.3</DistanceMeters>
          <Cadence>22</Cadence>
          <SensorState>Present</SensorState>
          <Extensions>
            <TPX xmlns="https://www.garmin.com/xmlschemas/ActivityExtension/v2">
              <Watts>111</Watts>
            </TPX>
          </Extensions>
        </Trackpoint>
        <Trackpoint>
          <Time>2026-05-13T12:17:55Z</Time>
          <DistanceMeters>2984.1</DistanceMeters>
          <Cadence>22</Cadence>
          <SensorState>Present</SensorState>
          <Extensions>
            <TPX xmlns="https://www.garmin.com/xmlschemas/ActivityExtension/v2">
              <Watts>111</Watts>
            </TPX>
          </Extensions>
        </Trackpoint>
        <Trackpoint>
          <Time>2026-05-13T12:17:57Z</Time>
          <DistanceMeters>2990.8</DistanceMeters>
          <Cadence>19</Cadence>
          <SensorState>Present</SensorState>
          <Extensions>
            <TPX xmlns="https://www.garmin.com/xmlschemas/ActivityExtension/v2">
              <Watts>102</Watts>
            </TPX>
          </Extensions>
        </Trackpoint>
      </Track>
    </Lap>
  <Creator xsi:type="Device_t">
    <Name>Concept2</Name>
    <ProductID>5</ProductID>
    <Version>
      <VersionMajor>1</VersionMajor>
      <VersionMinor>0</VersionMinor>
      <BuildMajor>1</BuildMajor>
      <BuildMinor>0</BuildMinor>
    </Version>
  </Creator>
</Activity>
</Activities>
<Author xsi:type="Application_t">
  <Name></Name>
  <Build>
    <Version>
      <VersionMajor>1</VersionMajor>
      <VersionMinor>0</VersionMinor>
      <BuildMajor>1</BuildMajor>
      <BuildMinor>0</BuildMinor>
    </Version>
  </Build>
  <LangID>en</LangID>
</Author>
</TrainingCenterDatabase>
