<?xml version="1.0" encoding="utf-8"?><TrainingCenterDatabase
xsi:schemaLocation="https://www.garmin.com/xmlschemas/TrainingCenterDatabase/v2 https://www.garmin.com/xmlschemas/TrainingCenterDatabasev2.xsd"
xmlns:ns5="https://www.garmin.com/xmlschemas/ActivityGoals/v1"
xmlns:ns3="https://www.garmin.com/xmlschemas/ActivityExtension/v2"
xmlns:ns2="https://www.garmin.com/xmlschemas/UserProfile/v2"
xmlns="https://www.garmin.com/xmlschemas/TrainingCenterDatabase/v2"
xmlns:xsi="https://www.w3.org/2001/XMLSchema-instance" xmlns:ns4="https://www.garmin.com/xmlschemas/ProfileExtension/v1">
<Activities>
<Activity Sport="Other">
  <Id>2026-09-29T10:52:07Z</Id>
    <Lap StartTime="2026-09-29T10:52:07Z ">
      <TotalTimeSeconds>1613.9</TotalTimeSeconds>
      <DistanceMeters>5000</DistanceMeters>
      <MaximumSpeed>3.44</MaximumSpeed>
      <Calories>267</Calories>
      <Intensity>Active</Intensity>
      <TriggerMethod>Manual</TriggerMethod>
      <Track>
        <Trackpoint>
          <Time>2026-09-29T10:52:07Z</Time>
          <DistanceMeters>1.9</DistanceMeters>
          <Cadence>0</Cadence>
          <SensorState>Present</SensorState>
          <Extensions>
            <TPX xmlns="https://www.garmin.com/xmlschemas/ActivityExtension/v2">
              <Watts>27</Watts>
            </TPX>
          </Extensions>
        </Trackpoint>
        <Trackpoint>
          <Time>2026-09-29T10:52:11Z</Time>
          <DistanceMeters>9.7</DistanceMeters>
          <Cadence>17</Cadence>
          <SensorState>Present</SensorState>
          <Extensions>
            <TPX xmlns="https://www.garmin.com/xmlschemas/ActivityExtension/v2">
              <Watts>31</Watts>
            </TPX>
          </Extensions>
        </Trackpoint>
        <Trackpoint>
          <Time>2026-09-29T10:52:14Z</Time>
          <DistanceMeters>17.5</DistanceMeters>
          <Cadence>19</Cadence>
          <SensorState>Present</SensorState>
          <Extensions>
            <TPX xmlns="https://www.garmin.com/xmlschemas/ActivityExtension/v2">
              <Watts>38</Watts>
            </TPX>
          </Extensions>
        </Trackpoint>
        <Trackpoint>
          <Time>2026-09-29T10:52:18Z</Time>
          <DistanceMeters>27</DistanceMeters>
          <Cadence>19</Cadence>
          <SensorState>Present</SensorState>
          <Extensions>
            <TPX xmlns="https://www.garmin.com/xmlschemas/ActivityExtension/v2">
              <Watts>38</Watts>
            </TPX>
          </Extensions>
        </Trackpoint>
        <Trackpoint>
          <Time>2026-09-29T10:52:22Z</Time>
          <DistanceMeters>38.9</DistanceMeters>
          <Cadence>15</Cadence>
          <SensorState>Present</SensorState>
          <Extensions>
            <TPX xmlns="https://www.garmin.com/xmlschemas/ActivityExtension/v2">
              <Watts>72</Watts>
            </TPX>
          </Extensions>
        </Trackpoint>
        <Trackpoint>
          <Time>2026-09-29T10:52:26Z</Time>
          <DistanceMeters>52.3</DistanceMeters>
          <Cadence>13</Cadence>
          <SensorState>Present</SensorState>
          <Extensions>
            <TPX xmlns="https://www.garmin.com/xmlschemas/ActivityExtension/v2">
              <Watts>71</Watts>
            </TPX>
          </Extensions>
        </Trackpoint>
        <Trackpoint>
          <Time>2026-09-29T10:52:30Z</Time>
          <DistanceMeters>64</DistanceMeters>
          <Cadence>16</Cadence>
          <SensorState>Present</SensorState>
          <Extensions>
            <TPX xmlns="https://www.garmin.com/xmlschemas/ActivityExtension/v2">
              <Watts>85</Watts>
            </TPX>
          </Extensions>
        </Trackpoint>
        <Trackpoint>
          <Time>2026-09-29T10:52:34Z</Time>
          <DistanceMeters>77</DistanceMeters>
          <Cadence>15</Cadence>
          <SensorState>Present</SensorState>
          <Extensions>
            <TPX xmlns="https://www.garmin.com/xmlschemas/ActivityExtension/v2">
              <Watts>92</Watts>
            </TPX>
          </Extensions>
        </Trackpoint>
        <Trackpoint>
          <Time>2026-09-29T10:52:38Z</Time>
          <DistanceMeters>88.4</DistanceMeters>
          <Cadence>17</Cadence>
          <SensorState>Present</SensorState>
          <Extensions>
            <TPX xmlns="https://www.garmin.com/xmlschemas/ActivityExtension/v2">
              <Watts>94</Watts>
            </TPX>
          </Extensions>
        </Trackpoint>
        <Trackpoint>
          <Time>2026-09-29T10:52:42Z</Time>
          <DistanceMeters>101.2</DistanceMeters>
          <Cadence>15</Cadence>
          <SensorState>Present</SensorState>
          <Extensions>
            <TPX xmlns="https://www.garmin.com/xmlschemas/ActivityExtension/v2">
              <Watts>91</Watts>
            </TPX>
          </Extensions>
        </Trackpoint>
        <Trackpoint>
          <Time>2026-09-29T10:52:45Z</Time>
          <DistanceMeters>112.6</DistanceMeters>
          <Cadence>17</Cadence>
          <SensorState>Present</SensorState>
          <Extensions>
            <TPX xmlns="https://www.garmin.com/xmlschemas/ActivityExtension/v2">
              <Watts>96</Watts>
            </TPX>
          </Extensions>
        </Trackpoint>
        <Trackpoint>
          <Time>2026-09-29T10:52:49Z</Time>
          <DistanceMeters>124.8</DistanceMeters>
          <Cadence>17</Cadence>
          <SensorState>Present</SensorState>
          <Extensions>
            <TPX xmlns="https://www.garmin.com/xmlschemas/ActivityExtension/v2">
              <Watts>93</Watts>
            </TPX>
          </Extensions>
        </Trackpoint>
        <Trackpoint>
          <Time>2026-09-29T10:52:52Z</Time>
          <DistanceMeters>136.1</DistanceMeters>
          <Cadence>17</Cadence>
          <SensorState>Present</SensorState>
          <Extensions>
            <TPX xmlns="https://www.garmin.com/xmlschemas/ActivityExtension/v2">
              <Watts>93</Watts>
            </TPX>
          </Extensions>
        </Trackpoint>
        <Trackpoint>
          <Time>2026-09-29T10:52:56Z</Time>
          <DistanceMeters>148.2</DistanceMeters>
          <Cadence>16</Cadence>
          <SensorState>Present</SensorState>
          <Extensions>
            <TPX xmlns="https://www.garmin.com/xmlschemas/ActivityExtension/v2">
              <Watts>93</Watts>
            </TPX>
          </Extensions>
        </Trackpoint>
        <Trackpoint>
          <Time>2026-09-29T10:53:00Z</Time>
          <DistanceMeters>160.9</DistanceMeters>
          <Cadence>16</Cadence>
          <SensorState>Present</SensorState>
          <Extensions>
            <TPX xmlns="https://www.garmin.com/xmlschemas/ActivityExtension/v2">
              <Watts>104</Watts>
            </TPX>
          </Extensions>
        </Trackpoint>
        <Trackpoint>
          <Time>2026-09-29T10:53:04Z</Time>
          <DistanceMeters>173</DistanceMeters>
          <Cadence>16</Cadence>
          <SensorState>Present</SensorState>
          <Extensions>
            <TPX xmlns="https://www.garmin.com/xmlschemas/ActivityExtension/v2">
              <Watts>92</Watts>
            </TPX>
          </Extensions>
        </Trackpoint>
        <Trackpoint>
          <Time>2026-09-29T10:53:07Z</Time>
          <DistanceMeters>183.5</DistanceMeters>
          <Cadence>18</Cadence>
          <SensorState>Present</SensorState>
          <Extensions>
            <TPX xmlns="https://www.garmin.com/xmlschemas/ActivityExtension/v2">
              <Watts>93</Watts>
            </TPX>
          </Extensions>
        </Trackpoint>
        <Trackpoint>
          <Time>2026-09-29T10:53:10Z</Time>
          <DistanceMeters>194.6</DistanceMeters>
          <Cadence>17</Cadence>
          <SensorState>Present</SensorState>
          <Extensions>
            <TPX xmlns="https://www.garmin.com/xmlschemas/ActivityExtension/v2">
              <Watts>87</Watts>
            </TPX>
          </Extensions>
        </Trackpoint>
        <Trackpoint>
          <Time>2026-09-29T10:53:14Z</Time>
          <DistanceMeters>205.5</DistanceMeters>
          <Cadence>17</Cadence>
          <SensorState>Present</SensorState>
          <Extensions>
            <TPX xmlns="https://www.garmin.com/xmlschemas/ActivityExtension/v2">
              <Watts>87</Watts>
            </TPX>
          </Extensions>
        </Trackpoint>
        <Trackpoint>
          <Time>2026-09-29T10:53:17Z</Time>
          <DistanceMeters>216.5</DistanceMeters>
          <Cadence>18</Cadence>
          <SensorState>Present</SensorState>
          <Extensions>
            <TPX xmlns="https://www.garmin.com/xmlschemas/ActivityExtension/v2">
              <Watts>85</Watts>
            </TPX>
          </Extensions>
        </Trackpoint>
        <Trackpoint>
          <Time>2026-09-29T10:53:21Z</Time>
          <DistanceMeters>227.9</DistanceMeters>
          <Cadence>16</Cadence>
          <SensorState>Present</SensorState>
          <Extensions>
            <TPX xmlns="https://www.garmin.com/xmlschemas/ActivityExtension/v2">
              <Watts>77</Watts>
            </TPX>
          </Extensions>
        </Trackpoint>
        <Trackpoint>
          <Time>2026-09-29T10:53:24Z</Time>
          <DistanceMeters>237.9</DistanceMeters>
          <Cadence>16</Cadence>
          <SensorState>Present</SensorState>
          <Extensions>
            <TPX xmlns="https://www.garmin.com/xmlschemas/ActivityExtension/v2">
              <Watts>77</Watts>
            </TPX>
          </Extensions>
        </Trackpoint>
        <Trackpoint>
          <Time>2026-09-29T10:53:28Z</Time>
          <DistanceMeters>248.9</DistanceMeters>
          <Cadence>18</Cadence>
          <SensorState>Present</SensorState>
          <Extensions>
            <TPX xmlns="https://www.garmin.com/xmlschemas/ActivityExtension/v2">
              <Watts>84</Watts>
            </TPX>
          </Extensions>
        </Trackpoint>
        <Trackpoint>
          <Time>2026-09-29T10:53:31Z</Time>
          <DistanceMeters>258.4</DistanceMeters>
          <Cadence>18</Cadence>
          <SensorState>Present</SensorState>
          <Extensions>
            <TPX xmlns="https://www.garmin.com/xmlschemas/ActivityExtension/v2">
              <Watts>84</Watts>
            </TPX>
          </Extensions>
        </Trackpoint>
        <Trackpoint>
          <Time>2026-09-29T10:53:35Z</Time>
          <DistanceMeters>271.6</DistanceMeters>
          <Cadence>14</Cadence>
          <SensorState>Present</SensorState>
          <Extensions>
            <TPX xmlns="https://www.garmin.com/xmlschemas/ActivityExtension/v2">
              <Watts>82</Watts>
            </TPX>
          </Extensions>
        </Trackpoint>
        <Trackpoint>
          <Time>2026-09-29T10:53:39Z</Time>
          <DistanceMeters>282.8</DistanceMeters>
          <Cadence>18</Cadence>
          <SensorState>Present</SensorState>
          <Extensions>
            <TPX xmlns="https://www.garmin.com/xmlschemas/ActivityExtension/v2">
              <Watts>88</Watts>
            </TPX>
          </Extensions>
        </Trackpoint>
        <Trackpoint>
          <Time>2026-09-29T10:53:42Z</Time>
          <DistanceMeters>292.6</DistanceMeters>
          <Cadence>19</Cadence>
          <SensorState>Present</SensorState>
          <Extensions>
            <TPX xmlns="https://www.garmin.com/xmlschemas/ActivityExtension/v2">
              <Watts>94</Watts>
            </TPX>
          </Extensions>
        </Trackpoint>
        <Trackpoint>
          <Time>2026-09-29T10:53:46Z</Time>
          <DistanceMeters>306.3</DistanceMeters>
          <Cadence>13</Cadence>
          <SensorState>Present</SensorState>
          <Extensions>
            <TPX xmlns="https://www.garmin.com/xmlschemas/ActivityExtension/v2">
              <Watts>78</Watts>
            </TPX>
          </Extensions>
        </Trackpoint>
        <Trackpoint>
          <Time>2026-09-29T10:53:50Z</Time>
          <DistanceMeters>317.2</DistanceMeters>
          <Cadence>17</Cadence>
          <SensorState>Present</SensorState>
          <Extensions>
            <TPX xmlns="https://www.garmin.com/xmlschemas/ActivityExtension/v2">
              <Watts>82</Watts>
            </TPX>
          </Extensions>
        </Trackpoint>
        <Trackpoint>
          <Time>2026-09-29T10:53:54Z</Time>
          <DistanceMeters>328.7</DistanceMeters>
          <Cadence>15</Cadence>
          <SensorState>Present</SensorState>
          <Extensions>
            <TPX xmlns="https://www.garmin.com/xmlschemas/ActivityExtension/v2">
              <Watts>80</Watts>
            </TPX>
          </Extensions>
        </Trackpoint>
        <Trackpoint>
          <Time>2026-09-29T10:53:58Z</Time>
          <DistanceMeters>342.4</DistanceMeters>
          <Cadence>14</Cadence>
          <SensorState>Present</SensorState>
          <Extensions>
            <TPX xmlns="https://www.garmin.com/xmlschemas/ActivityExtension/v2">
              <Watts>91</Watts>
            </TPX>
          </Extensions>
        </Trackpoint>
        <Trackpoint>
          <Time>2026-09-29T10:54:02Z</Time>
          <DistanceMeters>356.1</DistanceMeters>
          <Cadence>14</Cadence>
          <SensorState>Present</SensorState>
          <Extensions>
            <TPX xmlns="https://www.garmin.com/xmlschemas/ActivityExtension/v2">
              <Watts>91</Watts>
            </TPX>
          </Extensions>
        </Trackpoint>
        <Trackpoint>
          <Time>2026-09-29T10:54:06Z</Time>
          <DistanceMeters>369</DistanceMeters>
          <Cadence>15</Cadence>
          <SensorState>Present</SensorState>
          <Extensions>
            <TPX xmlns="https://www.garmin.com/xmlschemas/ActivityExtension/v2">
              <Watts>91</Watts>
            </TPX>
          </Extensions>
        </Trackpoint>
        <Trackpoint>
          <Time>2026-09-29T10:54:10Z</Time>
          <DistanceMeters>382.2</DistanceMeters>
          <Cadence>14</Cadence>
          <SensorState>Present</SensorState>
          <Extensions>
            <TPX xmlns="https://www.garmin.com/xmlschemas/ActivityExtension/v2">
              <Watts>82</Watts>
            </TPX>
          </Extensions>
        </Trackpoint>
        <Trackpoint>
          <Time>2026-09-29T10:54:14Z</Time>
          <DistanceMeters>394.6</DistanceMeters>
          <Cadence>15</Cadence>
          <SensorState>Present</SensorState>
          <Extensions>
            <TPX xmlns="https://www.garmin.com/xmlschemas/ActivityExtension/v2">
              <Watts>82</Watts>
            </TPX>
          </Extensions>
        </Trackpoint>
        <Trackpoint>
          <Time>2026-09-29T10:54:18Z</Time>
          <DistanceMeters>407.2</DistanceMeters>
          <Cadence>15</Cadence>
          <SensorState>Present</SensorState>
          <Extensions>
            <TPX xmlns="https://www.garmin.com/xmlschemas/ActivityExtension/v2">
              <Watts>86</Watts>
            </TPX>
          </Extensions>
        </Trackpoint>
        <Trackpoint>
          <Time>2026-09-29T10:54:22Z</Time>
          <DistanceMeters>419.8</DistanceMeters>
          <Cadence>15</Cadence>
          <SensorState>Present</SensorState>
          <Extensions>
            <TPX xmlns="https://www.garmin.com/xmlschemas/ActivityExtension/v2">
              <Watts>88</Watts>
            </TPX>
          </Extensions>
        </Trackpoint>
        <Trackpoint>
          <Time>2026-09-29T10:54:26Z</Time>
          <DistanceMeters>430.3</DistanceMeters>
          <Cadence>15</Cadence>
          <SensorState>Present</SensorState>
          <Extensions>
            <TPX xmlns="https://www.garmin.com/xmlschemas/ActivityExtension/v2">
              <Watts>88</Watts>
            </TPX>
          </Extensions>
        </Trackpoint>
        <Trackpoint>
          <Time>2026-09-29T10:54:30Z</Time>
          <DistanceMeters>443.7</DistanceMeters>
          <Cadence>14</Cadence>
          <SensorState>Present</SensorState>
          <Extensions>
            <TPX xmlns="https://www.garmin.com/xmlschemas/ActivityExtension/v2">
              <Watts>84</Watts>
            </TPX>
          </Extensions>
        </Trackpoint>
        <Trackpoint>
          <Time>2026-09-29T10:54:34Z</Time>
          <DistanceMeters>456.9</DistanceMeters>
          <Cadence>14</Cadence>
          <SensorState>Present</SensorState>
          <Extensions>
            <TPX xmlns="https://www.garmin.com/xmlschemas/ActivityExtension/v2">
              <Watts>83</Watts>
            </TPX>
          </Extensions>
        </Trackpoint>
        <Trackpoint>
          <Time>2026-09-29T10:54:38Z</Time>
          <DistanceMeters>468.7</DistanceMeters>
          <Cadence>14</Cadence>
          <SensorState>Present</SensorState>
          <Extensions>
            <TPX xmlns="https://www.garmin.com/xmlschemas/ActivityExtension/v2">
              <Watts>83</Watts>
            </TPX>
          </Extensions>
        </Trackpoint>
        <Trackpoint>
          <Time>2026-09-29T10:54:42Z</Time>
          <DistanceMeters>481.4</DistanceMeters>
          <Cadence>16</Cadence>
          <SensorState>Present</SensorState>
          <Extensions>
            <TPX xmlns="https://www.garmin.com/xmlschemas/ActivityExtension/v2">
              <Watts>85</Watts>
            </TPX>
          </Extensions>
        </Trackpoint>
        <Trackpoint>
          <Time>2026-09-29T10:54:46Z</Time>
          <DistanceMeters>495</DistanceMeters>
          <Cadence>14</Cadence>
          <SensorState>Present</SensorState>
          <Extensions>
            <TPX xmlns="https://www.garmin.com/xmlschemas/ActivityExtension/v2">
              <Watts>90</Watts>
            </TPX>
          </Extensions>
        </Trackpoint>
        <Trackpoint>
          <Time>2026-09-29T10:54:51Z</Time>
          <DistanceMeters>508.8</DistanceMeters>
          <Cadence>14</Cadence>
          <SensorState>Present</SensorState>
          <Extensions>
            <TPX xmlns="https://www.garmin.com/xmlschemas/ActivityExtension/v2">
              <Watts>94</Watts>
            </TPX>
          </Extensions>
        </Trackpoint>
        <Trackpoint>
          <Time>2026-09-29T10:54:55Z</Time>
          <DistanceMeters>524</DistanceMeters>
          <Cadence>12</Cadence>
          <SensorState>Present</SensorState>
          <Extensions>
            <TPX xmlns="https://www.garmin.com/xmlschemas/ActivityExtension/v2">
              <Watts>90</Watts>
            </TPX>
          </Extensions>
        </Trackpoint>
        <Trackpoint>
          <Time>2026-09-29T10:54:59Z</Time>
          <DistanceMeters>535</DistanceMeters>
          <Cadence>12</Cadence>
          <SensorState>Present</SensorState>
          <Extensions>
            <TPX xmlns="https://www.garmin.com/xmlschemas/ActivityExtension/v2">
              <Watts>90</Watts>
            </TPX>
          </Extensions>
        </Trackpoint>
        <Trackpoint>
          <Time>2026-09-29T10:55:02Z</Time>
          <DistanceMeters>547.7</DistanceMeters>
          <Cadence>16</Cadence>
          <SensorState>Present</SensorState>
          <Extensions>
            <TPX xmlns="https://www.garmin.com/xmlschemas/ActivityExtension/v2">
              <Watts>105</Watts>
            </TPX>
          </Extensions>
        </Trackpoint>
        <Trackpoint>
          <Time>2026-09-29T10:55:06Z</Time>
          <DistanceMeters>558.2</DistanceMeters>
          <Cadence>16</Cadence>
          <SensorState>Present</SensorState>
          <Extensions>
            <TPX xmlns="https://www.garmin.com/xmlschemas/ActivityExtension/v2">
              <Watts>105</Watts>
            </TPX>
          </Extensions>
        </Trackpoint>
        <Trackpoint>
          <Time>2026-09-29T10:55:10Z</Time>
          <DistanceMeters>571.1</DistanceMeters>
          <Cadence>15</Cadence>
          <SensorState>Present</SensorState>
          <Extensions>
            <TPX xmlns="https://www.garmin.com/xmlschemas/ActivityExtension/v2">
              <Watts>89</Watts>
            </TPX>
          </Extensions>
        </Trackpoint>
        <Trackpoint>
          <Time>2026-09-29T10:55:13Z</Time>
          <DistanceMeters>583.1</DistanceMeters>
          <Cadence>16</Cadence>
          <SensorState>Present</SensorState>
          <Extensions>
            <TPX xmlns="https://www.garmin.com/xmlschemas/ActivityExtension/v2">
              <Watts>89</Watts>
            </TPX>
          </Extensions>
        </Trackpoint>
        <Trackpoint>
          <Time>2026-09-29T10:55:17Z</Time>
          <DistanceMeters>595.9</DistanceMeters>
          <Cadence>15</Cadence>
          <SensorState>Present</SensorState>
          <Extensions>
            <TPX xmlns="https://www.garmin.com/xmlschemas/ActivityExtension/v2">
              <Watts>89</Watts>
            </TPX>
          </Extensions>
        </Trackpoint>
        <Trackpoint>
          <Time>2026-09-29T10:55:21Z</Time>
          <DistanceMeters>607.4</DistanceMeters>
          <Cadence>15</Cadence>
          <SensorState>Present</SensorState>
          <Extensions>
            <TPX xmlns="https://www.garmin.com/xmlschemas/ActivityExtension/v2">
              <Watts>89</Watts>
            </TPX>
          </Extensions>
        </Trackpoint>
        <Trackpoint>
          <Time>2026-09-29T10:55:25Z</Time>
          <DistanceMeters>619.8</DistanceMeters>
          <Cadence>16</Cadence>
          <SensorState>Present</SensorState>
          <Extensions>
            <TPX xmlns="https://www.garmin.com/xmlschemas/ActivityExtension/v2">
              <Watts>98</Watts>
            </TPX>
          </Extensions>
        </Trackpoint>
        <Trackpoint>
          <Time>2026-09-29T10:55:28Z</Time>
          <DistanceMeters>631.7</DistanceMeters>
          <Cadence>16</Cadence>
          <SensorState>Present</SensorState>
          <Extensions>
            <TPX xmlns="https://www.garmin.com/xmlschemas/ActivityExtension/v2">
              <Watts>98</Watts>
            </TPX>
          </Extensions>
        </Trackpoint>
        <Trackpoint>
          <Time>2026-09-29T10:55:32Z</Time>
          <DistanceMeters>644.7</DistanceMeters>
          <Cadence>17</Cadence>
          <SensorState>Present</SensorState>
          <Extensions>
            <TPX xmlns="https://www.garmin.com/xmlschemas/ActivityExtension/v2">
              <Watts>113</Watts>
            </TPX>
          </Extensions>
        </Trackpoint>
        <Trackpoint>
          <Time>2026-09-29T10:55:35Z</Time>
          <DistanceMeters>655.6</DistanceMeters>
          <Cadence>17</Cadence>
          <SensorState>Present</SensorState>
          <Extensions>
            <TPX xmlns="https://www.garmin.com/xmlschemas/ActivityExtension/v2">
              <Watts>113</Watts>
            </TPX>
          </Extensions>
        </Trackpoint>
        <Trackpoint>
          <Time>2026-09-29T10:55:40Z</Time>
          <DistanceMeters>670.3</DistanceMeters>
          <Cadence>14</Cadence>
          <SensorState>Present</SensorState>
          <Extensions>
            <TPX xmlns="https://www.garmin.com/xmlschemas/ActivityExtension/v2">
              <Watts>94</Watts>
            </TPX>
          </Extensions>
        </Trackpoint>
        <Trackpoint>
          <Time>2026-09-29T10:55:44Z</Time>
          <DistanceMeters>682.4</DistanceMeters>
          <Cadence>15</Cadence>
          <SensorState>Present</SensorState>
          <Extensions>
            <TPX xmlns="https://www.garmin.com/xmlschemas/ActivityExtension/v2">
              <Watts>92</Watts>
            </TPX>
          </Extensions>
        </Trackpoint>
        <Trackpoint>
          <Time>2026-09-29T10:55:48Z</Time>
          <DistanceMeters>695.4</DistanceMeters>
          <Cadence>15</Cadence>
          <SensorState>Present</SensorState>
          <Extensions>
            <TPX xmlns="https://www.garmin.com/xmlschemas/ActivityExtension/v2">
              <Watts>93</Watts>
            </TPX>
          </Extensions>
        </Trackpoint>
        <Trackpoint>
          <Time>2026-09-29T10:55:51Z</Time>
          <DistanceMeters>706.8</DistanceMeters>
          <Cadence>18</Cadence>
          <SensorState>Present</SensorState>
          <Extensions>
            <TPX xmlns="https://www.garmin.com/xmlschemas/ActivityExtension/v2">
              <Watts>94</Watts>
            </TPX>
          </Extensions>
        </Trackpoint>
        <Trackpoint>
          <Time>2026-09-29T10:55:55Z</Time>
          <DistanceMeters>718.8</DistanceMeters>
          <Cadence>18</Cadence>
          <SensorState>Present</SensorState>
          <Extensions>
            <TPX xmlns="https://www.garmin.com/xmlschemas/ActivityExtension/v2">
              <Watts>94</Watts>
            </TPX>
          </Extensions>
        </Trackpoint>
        <Trackpoint>
          <Time>2026-09-29T10:55:59Z</Time>
          <DistanceMeters>731.4</DistanceMeters>
          <Cadence>15</Cadence>
          <SensorState>Present</SensorState>
          <Extensions>
            <TPX xmlns="https://www.garmin.com/xmlschemas/ActivityExtension/v2">
              <Watts>90</Watts>
            </TPX>
          </Extensions>
        </Trackpoint>
        <Trackpoint>
          <Time>2026-09-29T10:56:03Z</Time>
          <DistanceMeters>744.1</DistanceMeters>
          <Cadence>15</Cadence>
          <SensorState>Present</SensorState>
          <Extensions>
            <TPX xmlns="https://www.garmin.com/xmlschemas/ActivityExtension/v2">
              <Watts>86</Watts>
            </TPX>
          </Extensions>
        </Trackpoint>
        <Trackpoint>
          <Time>2026-09-29T10:56:07Z</Time>
          <DistanceMeters>756.1</DistanceMeters>
          <Cadence>15</Cadence>
          <SensorState>Present</SensorState>
          <Extensions>
            <TPX xmlns="https://www.garmin.com/xmlschemas/ActivityExtension/v2">
              <Watts>88</Watts>
            </TPX>
          </Extensions>
        </Trackpoint>
        <Trackpoint>
          <Time>2026-09-29T10:56:11Z</Time>
          <DistanceMeters>769.1</DistanceMeters>
          <Cadence>15</Cadence>
          <SensorState>Present</SensorState>
          <Extensions>
            <TPX xmlns="https://www.garmin.com/xmlschemas/ActivityExtension/v2">
              <Watts>93</Watts>
            </TPX>
          </Extensions>
        </Trackpoint>
        <Trackpoint>
          <Time>2026-09-29T10:56:15Z</Time>
          <DistanceMeters>781.6</DistanceMeters>
          <Cadence>15</Cadence>
          <SensorState>Present</SensorState>
          <Extensions>
            <TPX xmlns="https://www.garmin.com/xmlschemas/ActivityExtension/v2">
              <Watts>86</Watts>
            </TPX>
          </Extensions>
        </Trackpoint>
        <Trackpoint>
          <Time>2026-09-29T10:56:18Z</Time>
          <DistanceMeters>792.8</DistanceMeters>
          <Cadence>15</Cadence>
          <SensorState>Present</SensorState>
          <Extensions>
            <TPX xmlns="https://www.garmin.com/xmlschemas/ActivityExtension/v2">
              <Watts>86</Watts>
            </TPX>
          </Extensions>
        </Trackpoint>
        <Trackpoint>
          <Time>2026-09-29T10:56:23Z</Time>
          <DistanceMeters>806.2</DistanceMeters>
          <Cadence>15</Cadence>
          <SensorState>Present</SensorState>
          <Extensions>
            <TPX xmlns="https://www.garmin.com/xmlschemas/ActivityExtension/v2">
              <Watts>85</Watts>
            </TPX>
          </Extensions>
        </Trackpoint>
        <Trackpoint>
          <Time>2026-09-29T10:56:26Z</Time>
          <DistanceMeters>816.7</DistanceMeters>
          <Cadence>18</Cadence>
          <SensorState>Present</SensorState>
          <Extensions>
            <TPX xmlns="https://www.garmin.com/xmlschemas/ActivityExtension/v2">
              <Watts>91</Watts>
            </TPX>
          </Extensions>
        </Trackpoint>
        <Trackpoint>
          <Time>2026-09-29T10:56:30Z</Time>
          <DistanceMeters>828.3</DistanceMeters>
          <Cadence>18</Cadence>
          <SensorState>Present</SensorState>
          <Extensions>
            <TPX xmlns="https://www.garmin.com/xmlschemas/ActivityExtension/v2">
              <Watts>91</Watts>
            </TPX>
          </Extensions>
        </Trackpoint>
        <Trackpoint>
          <Time>2026-09-29T10:56:34Z</Time>
          <DistanceMeters>840.9</DistanceMeters>
          <Cadence>16</Cadence>
          <SensorState>Present</SensorState>
          <Extensions>
            <TPX xmlns="https://www.garmin.com/xmlschemas/ActivityExtension/v2">
              <Watts>82</Watts>
            </TPX>
          </Extensions>
        </Trackpoint>
        <Trackpoint>
          <Time>2026-09-29T10:56:37Z</Time>
          <DistanceMeters>852</DistanceMeters>
          <Cadence>17</Cadence>
          <SensorState>Present</SensorState>
          <Extensions>
            <TPX xmlns="https://www.garmin.com/xmlschemas/ActivityExtension/v2">
              <Watts>87</Watts>
            </TPX>
          </Extensions>
        </Trackpoint>
        <Trackpoint>
          <Time>2026-09-29T10:56:40Z</Time>
          <DistanceMeters>860.9</DistanceMeters>
          <Cadence>17</Cadence>
          <SensorState>Present</SensorState>
          <Extensions>
            <TPX xmlns="https://www.garmin.com/xmlschemas/ActivityExtension/v2">
              <Watts>87</Watts>
            </TPX>
          </Extensions>
        </Trackpoint>
        <Trackpoint>
          <Time>2026-09-29T10:56:43Z</Time>
          <DistanceMeters>872.4</DistanceMeters>
          <Cadence>18</Cadence>
          <SensorState>Present</SensorState>
          <Extensions>
            <TPX xmlns="https://www.garmin.com/xmlschemas/ActivityExtension/v2">
              <Watts>96</Watts>
            </TPX>
          </Extensions>
        </Trackpoint>
        <Trackpoint>
          <Time>2026-09-29T10:56:47Z</Time>
          <DistanceMeters>884.6</DistanceMeters>
          <Cadence>16</Cadence>
          <SensorState>Present</SensorState>
          <Extensions>
            <TPX xmlns="https://www.garmin.com/xmlschemas/ActivityExtension/v2">
              <Watts>92</Watts>
            </TPX>
          </Extensions>
        </Trackpoint>
        <Trackpoint>
          <Time>2026-09-29T10:56:50Z</Time>
          <DistanceMeters>895.3</DistanceMeters>
          <Cadence>18</Cadence>
          <SensorState>Present</SensorState>
          <Extensions>
            <TPX xmlns="https://www.garmin.com/xmlschemas/ActivityExtension/v2">
              <Watts>97</Watts>
            </TPX>
          </Extensions>
        </Trackpoint>
        <Trackpoint>
          <Time>2026-09-29T10:56:54Z</Time>
          <DistanceMeters>905.8</DistanceMeters>
          <Cadence>18</Cadence>
          <SensorState>Present</SensorState>
          <Extensions>
            <TPX xmlns="https://www.garmin.com/xmlschemas/ActivityExtension/v2">
              <Watts>97</Watts>
            </TPX>
          </Extensions>
        </Trackpoint>
        <Trackpoint>
          <Time>2026-09-29T10:56:58Z</Time>
          <DistanceMeters>919.9</DistanceMeters>
          <Cadence>14</Cadence>
          <SensorState>Present</SensorState>
          <Extensions>
            <TPX xmlns="https://www.garmin.com/xmlschemas/ActivityExtension/v2">
              <Watts>99</Watts>
            </TPX>
          </Extensions>
        </Trackpoint>
        <Trackpoint>
          <Time>2026-09-29T10:57:02Z</Time>
          <DistanceMeters>932.6</DistanceMeters>
          <Cadence>14</Cadence>
          <SensorState>Present</SensorState>
          <Extensions>
            <TPX xmlns="https://www.garmin.com/xmlschemas/ActivityExtension/v2">
              <Watts>99</Watts>
            </TPX>
          </Extensions>
        </Trackpoint>
        <Trackpoint>
          <Time>2026-09-29T10:57:05Z</Time>
          <DistanceMeters>944</DistanceMeters>
          <Cadence>15</Cadence>
          <SensorState>Present</SensorState>
          <Extensions>
            <TPX xmlns="https://www.garmin.com/xmlschemas/ActivityExtension/v2">
              <Watts>89</Watts>
            </TPX>
          </Extensions>
        </Trackpoint>
        <Trackpoint>
          <Time>2026-09-29T10:57:09Z</Time>
          <DistanceMeters>955.4</DistanceMeters>
          <Cadence>17</Cadence>
          <SensorState>Present</SensorState>
          <Extensions>
            <TPX xmlns="https://www.garmin.com/xmlschemas/ActivityExtension/v2">
              <Watts>96</Watts>
            </TPX>
          </Extensions>
        </Trackpoint>
        <Trackpoint>
          <Time>2026-09-29T10:57:13Z</Time>
          <DistanceMeters>966.6</DistanceMeters>
          <Cadence>17</Cadence>
          <SensorState>Present</SensorState>
          <Extensions>
            <TPX xmlns="https://www.garmin.com/xmlschemas/ActivityExtension/v2">
              <Watts>96</Watts>
            </TPX>
          </Extensions>
        </Trackpoint>
        <Trackpoint>
          <Time>2026-09-29T10:57:17Z</Time>
          <DistanceMeters>980.6</DistanceMeters>
          <Cadence>14</Cadence>
          <SensorState>Present</SensorState>
          <Extensions>
            <TPX xmlns="https://www.garmin.com/xmlschemas/ActivityExtension/v2">
              <Watts>81</Watts>
            </TPX>
          </Extensions>
        </Trackpoint>
        <Trackpoint>
          <Time>2026-09-29T10:57:21Z</Time>
          <DistanceMeters>992.3</DistanceMeters>
          <Cadence>14</Cadence>
          <SensorState>Present</SensorState>
          <Extensions>
            <TPX xmlns="https://www.garmin.com/xmlschemas/ActivityExtension/v2">
              <Watts>81</Watts>
            </TPX>
          </Extensions>
        </Trackpoint>
        <Trackpoint>
          <Time>2026-09-29T10:57:25Z</Time>
          <DistanceMeters>1004.2</DistanceMeters>
          <Cadence>16</Cadence>
          <SensorState>Present</SensorState>
          <Extensions>
            <TPX xmlns="https://www.garmin.com/xmlschemas/ActivityExtension/v2">
              <Watts>88</Watts>
            </TPX>
          </Extensions>
        </Trackpoint>
        <Trackpoint>
          <Time>2026-09-29T10:57:28Z</Time>
          <DistanceMeters>1013.9</DistanceMeters>
          <Cadence>16</Cadence>
          <SensorState>Present</SensorState>
          <Extensions>
            <TPX xmlns="https://www.garmin.com/xmlschemas/ActivityExtension/v2">
              <Watts>88</Watts>
            </TPX>
          </Extensions>
        </Trackpoint>
        <Trackpoint>
          <Time>2026-09-29T10:57:32Z</Time>
          <DistanceMeters>1027</DistanceMeters>
          <Cadence>15</Cadence>
          <SensorState>Present</SensorState>
          <Extensions>
            <TPX xmlns="https://www.garmin.com/xmlschemas/ActivityExtension/v2">
              <Watts>81</Watts>
            </TPX>
          </Extensions>
        </Trackpoint>
        <Trackpoint>
          <Time>2026-09-29T10:57:35Z</Time>
          <DistanceMeters>1037.4</DistanceMeters>
          <Cadence>18</Cadence>
          <SensorState>Present</SensorState>
          <Extensions>
            <TPX xmlns="https://www.garmin.com/xmlschemas/ActivityExtension/v2">
              <Watts>90</Watts>
            </TPX>
          </Extensions>
        </Trackpoint>
        <Trackpoint>
          <Time>2026-09-29T10:57:39Z</Time>
          <DistanceMeters>1049.5</DistanceMeters>
          <Cadence>16</Cadence>
          <SensorState>Present</SensorState>
          <Extensions>
            <TPX xmlns="https://www.garmin.com/xmlschemas/ActivityExtension/v2">
              <Watts>90</Watts>
            </TPX>
          </Extensions>
        </Trackpoint>
        <Trackpoint>
          <Time>2026-09-29T10:57:42Z</Time>
          <DistanceMeters>1060.6</DistanceMeters>
          <Cadence>17</Cadence>
          <SensorState>Present</SensorState>
          <Extensions>
            <TPX xmlns="https://www.garmin.com/xmlschemas/ActivityExtension/v2">
              <Watts>89</Watts>
            </TPX>
          </Extensions>
        </Trackpoint>
        <Trackpoint>
          <Time>2026-09-29T10:57:46Z</Time>
          <DistanceMeters>1072.4</DistanceMeters>
          <Cadence>17</Cadence>
          <SensorState>Present</SensorState>
          <Extensions>
            <TPX xmlns="https://www.garmin.com/xmlschemas/ActivityExtension/v2">
              <Watts>89</Watts>
            </TPX>
          </Extensions>
        </Trackpoint>
        <Trackpoint>
          <Time>2026-09-29T10:57:49Z</Time>
          <DistanceMeters>1082.7</DistanceMeters>
          <Cadence>15</Cadence>
          <SensorState>Present</SensorState>
          <Extensions>
            <TPX xmlns="https://www.garmin.com/xmlschemas/ActivityExtension/v2">
              <Watts>87</Watts>
            </TPX>
          </Extensions>
        </Trackpoint>
        <Trackpoint>
          <Time>2026-09-29T10:57:54Z</Time>
          <DistanceMeters>1096</DistanceMeters>
          <Cadence>18</Cadence>
          <SensorState>Present</SensorState>
          <Extensions>
            <TPX xmlns="https://www.garmin.com/xmlschemas/ActivityExtension/v2">
              <Watts>87</Watts>
            </TPX>
          </Extensions>
        </Trackpoint>
        <Trackpoint>
          <Time>2026-09-29T10:57:57Z</Time>
          <DistanceMeters>1107.3</DistanceMeters>
          <Cadence>18</Cadence>
          <SensorState>Present</SensorState>
          <Extensions>
            <TPX xmlns="https://www.garmin.com/xmlschemas/ActivityExtension/v2">
              <Watts>90</Watts>
            </TPX>
          </Extensions>
        </Trackpoint>
        <Trackpoint>
          <Time>2026-09-29T10:58:01Z</Time>
          <DistanceMeters>1119.1</DistanceMeters>
          <Cadence>15</Cadence>
          <SensorState>Present</SensorState>
          <Extensions>
            <TPX xmlns="https://www.garmin.com/xmlschemas/ActivityExtension/v2">
              <Watts>88</Watts>
            </TPX>
          </Extensions>
        </Trackpoint>
        <Trackpoint>
          <Time>2026-09-29T10:58:05Z</Time>
          <DistanceMeters>1131.6</DistanceMeters>
          <Cadence>15</Cadence>
          <SensorState>Present</SensorState>
          <Extensions>
            <TPX xmlns="https://www.garmin.com/xmlschemas/ActivityExtension/v2">
              <Watts>88</Watts>
            </TPX>
          </Extensions>
        </Trackpoint>
        <Trackpoint>
          <Time>2026-09-29T10:58:10Z</Time>
          <DistanceMeters>1146.4</DistanceMeters>
          <Cadence>15</Cadence>
          <SensorState>Present</SensorState>
          <Extensions>
            <TPX xmlns="https://www.garmin.com/xmlschemas/ActivityExtension/v2">
              <Watts>84</Watts>
            </TPX>
          </Extensions>
        </Trackpoint>
        <Trackpoint>
          <Time>2026-09-29T10:58:14Z</Time>
          <DistanceMeters>1157.1</DistanceMeters>
          <Cadence>12</Cadence>
          <SensorState>Present</SensorState>
          <Extensions>
            <TPX xmlns="https://www.garmin.com/xmlschemas/ActivityExtension/v2">
              <Watts>71</Watts>
            </TPX>
          </Extensions>
        </Trackpoint>
        <Trackpoint>
          <Time>2026-09-29T10:58:18Z</Time>
          <DistanceMeters>1170.7</DistanceMeters>
          <Cadence>17</Cadence>
          <SensorState>Present</SensorState>
          <Extensions>
            <TPX xmlns="https://www.garmin.com/xmlschemas/ActivityExtension/v2">
              <Watts>79</Watts>
            </TPX>
          </Extensions>
        </Trackpoint>
        <Trackpoint>
          <Time>2026-09-29T10:58:23Z</Time>
          <DistanceMeters>1186.2</DistanceMeters>
          <Cadence>12</Cadence>
          <SensorState>Present</SensorState>
          <Extensions>
            <TPX xmlns="https://www.garmin.com/xmlschemas/ActivityExtension/v2">
              <Watts>69</Watts>
            </TPX>
          </Extensions>
        </Trackpoint>
        <Trackpoint>
          <Time>2026-09-29T10:58:27Z</Time>
          <DistanceMeters>1197.6</DistanceMeters>
          <Cadence>16</Cadence>
          <SensorState>Present</SensorState>
          <Extensions>
            <TPX xmlns="https://www.garmin.com/xmlschemas/ActivityExtension/v2">
              <Watts>78</Watts>
            </TPX>
          </Extensions>
        </Trackpoint>
        <Trackpoint>
          <Time>2026-09-29T10:58:33Z</Time>
          <DistanceMeters>1214</DistanceMeters>
          <Cadence>16</Cadence>
          <SensorState>Present</SensorState>
          <Extensions>
            <TPX xmlns="https://www.garmin.com/xmlschemas/ActivityExtension/v2">
              <Watts>78</Watts>
            </TPX>
          </Extensions>
        </Trackpoint>
        <Trackpoint>
          <Time>2026-09-29T10:58:37Z</Time>
          <DistanceMeters>1227</DistanceMeters>
          <Cadence>10</Cadence>
          <SensorState>Present</SensorState>
          <Extensions>
            <TPX xmlns="https://www.garmin.com/xmlschemas/ActivityExtension/v2">
              <Watts>64</Watts>
            </TPX>
          </Extensions>
        </Trackpoint>
        <Trackpoint>
          <Time>2026-09-29T10:58:42Z</Time>
          <DistanceMeters>1240.5</DistanceMeters>
          <Cadence>14</Cadence>
          <SensorState>Present</SensorState>
          <Extensions>
            <TPX xmlns="https://www.garmin.com/xmlschemas/ActivityExtension/v2">
              <Watts>72</Watts>
            </TPX>
          </Extensions>
        </Trackpoint>
        <Trackpoint>
          <Time>2026-09-29T10:58:46Z</Time>
          <DistanceMeters>1251.7</DistanceMeters>
          <Cadence>14</Cadence>
          <SensorState>Present</SensorState>
          <Extensions>
            <TPX xmlns="https://www.garmin.com/xmlschemas/ActivityExtension/v2">
              <Watts>72</Watts>
            </TPX>
          </Extensions>
        </Trackpoint>
        <Trackpoint>
          <Time>2026-09-29T10:58:50Z</Time>
          <DistanceMeters>1265.2</DistanceMeters>
          <Cadence>15</Cadence>
          <SensorState>Present</SensorState>
          <Extensions>
            <TPX xmlns="https://www.garmin.com/xmlschemas/ActivityExtension/v2">
              <Watts>76</Watts>
            </TPX>
          </Extensions>
        </Trackpoint>
        <Trackpoint>
          <Time>2026-09-29T10:58:54Z</Time>
          <DistanceMeters>1278.2</DistanceMeters>
          <Cadence>14</Cadence>
          <SensorState>Present</SensorState>
          <Extensions>
            <TPX xmlns="https://www.garmin.com/xmlschemas/ActivityExtension/v2">
              <Watts>77</Watts>
            </TPX>
          </Extensions>
        </Trackpoint>
        <Trackpoint>
          <Time>2026-09-29T10:59:01Z</Time>
          <DistanceMeters>1296.3</DistanceMeters>
          <Cadence>9</Cadence>
          <SensorState>Present</SensorState>
          <Extensions>
            <TPX xmlns="https://www.garmin.com/xmlschemas/ActivityExtension/v2">
              <Watts>60</Watts>
            </TPX>
          </Extensions>
        </Trackpoint>
        <Trackpoint>
          <Time>2026-09-29T10:59:05Z</Time>
          <DistanceMeters>1308</DistanceMeters>
          <Cadence>16</Cadence>
          <SensorState>Present</SensorState>
          <Extensions>
            <TPX xmlns="https://www.garmin.com/xmlschemas/ActivityExtension/v2">
              <Watts>81</Watts>
            </TPX>
          </Extensions>
        </Trackpoint>
        <Trackpoint>
          <Time>2026-09-29T10:59:09Z</Time>
          <DistanceMeters>1322.4</DistanceMeters>
          <Cadence>13</Cadence>
          <SensorState>Present</SensorState>
          <Extensions>
            <TPX xmlns="https://www.garmin.com/xmlschemas/ActivityExtension/v2">
              <Watts>77</Watts>
            </TPX>
          </Extensions>
        </Trackpoint>
        <Trackpoint>
          <Time>2026-09-29T10:59:14Z</Time>
          <DistanceMeters>1335.9</DistanceMeters>
          <Cadence>13</Cadence>
          <SensorState>Present</SensorState>
          <Extensions>
            <TPX xmlns="https://www.garmin.com/xmlschemas/ActivityExtension/v2">
              <Watts>77</Watts>
            </TPX>
          </Extensions>
        </Trackpoint>
        <Trackpoint>
          <Time>2026-09-29T10:59:18Z</Time>
          <DistanceMeters>1348.2</DistanceMeters>
          <Cadence>16</Cadence>
          <SensorState>Present</SensorState>
          <Extensions>
            <TPX xmlns="https://www.garmin.com/xmlschemas/ActivityExtension/v2">
              <Watts>78</Watts>
            </TPX>
          </Extensions>
        </Trackpoint>
        <Trackpoint>
          <Time>2026-09-29T10:59:22Z</Time>
          <DistanceMeters>1360.4</DistanceMeters>
          <Cadence>16</Cadence>
          <SensorState>Present</SensorState>
          <Extensions>
            <TPX xmlns="https://www.garmin.com/xmlschemas/ActivityExtension/v2">
              <Watts>78</Watts>
            </TPX>
          </Extensions>
        </Trackpoint>
        <Trackpoint>
          <Time>2026-09-29T10:59:26Z</Time>
          <DistanceMeters>1373</DistanceMeters>
          <Cadence>14</Cadence>
          <SensorState>Present</SensorState>
          <Extensions>
            <TPX xmlns="https://www.garmin.com/xmlschemas/ActivityExtension/v2">
              <Watts>78</Watts>
            </TPX>
          </Extensions>
        </Trackpoint>
        <Trackpoint>
          <Time>2026-09-29T10:59:30Z</Time>
          <DistanceMeters>1383.1</DistanceMeters>
          <Cadence>14</Cadence>
          <SensorState>Present</SensorState>
          <Extensions>
            <TPX xmlns="https://www.garmin.com/xmlschemas/ActivityExtension/v2">
              <Watts>73</Watts>
            </TPX>
          </Extensions>
        </Trackpoint>
        <Trackpoint>
          <Time>2026-09-29T10:59:33Z</Time>
          <DistanceMeters>1394.8</DistanceMeters>
          <Cadence>16</Cadence>
          <SensorState>Present</SensorState>
          <Extensions>
            <TPX xmlns="https://www.garmin.com/xmlschemas/ActivityExtension/v2">
              <Watts>81</Watts>
            </TPX>
          </Extensions>
        </Trackpoint>
        <Trackpoint>
          <Time>2026-09-29T10:59:38Z</Time>
          <DistanceMeters>1407.7</DistanceMeters>
          <Cadence>14</Cadence>
          <SensorState>Present</SensorState>
          <Extensions>
            <TPX xmlns="https://www.garmin.com/xmlschemas/ActivityExtension/v2">
              <Watts>77</Watts>
            </TPX>
          </Extensions>
        </Trackpoint>
        <Trackpoint>
          <Time>2026-09-29T10:59:41Z</Time>
          <DistanceMeters>1419.2</DistanceMeters>
          <Cadence>16</Cadence>
          <SensorState>Present</SensorState>
          <Extensions>
            <TPX xmlns="https://www.garmin.com/xmlschemas/ActivityExtension/v2">
              <Watts>78</Watts>
            </TPX>
          </Extensions>
        </Trackpoint>
        <Trackpoint>
          <Time>2026-09-29T10:59:45Z</Time>
          <DistanceMeters>1430.5</DistanceMeters>
          <Cadence>17</Cadence>
          <SensorState>Present</SensorState>
          <Extensions>
            <TPX xmlns="https://www.garmin.com/xmlschemas/ActivityExtension/v2">
              <Watts>90</Watts>
            </TPX>
          </Extensions>
        </Trackpoint>
        <Trackpoint>
          <Time>2026-09-29T10:59:49Z</Time>
          <DistanceMeters>1442.4</DistanceMeters>
          <Cadence>16</Cadence>
          <SensorState>Present</SensorState>
          <Extensions>
            <TPX xmlns="https://www.garmin.com/xmlschemas/ActivityExtension/v2">
              <Watts>88</Watts>
            </TPX>
          </Extensions>
        </Trackpoint>
        <Trackpoint>
          <Time>2026-09-29T10:59:52Z</Time>
          <DistanceMeters>1453.6</DistanceMeters>
          <Cadence>16</Cadence>
          <SensorState>Present</SensorState>
          <Extensions>
            <TPX xmlns="https://www.garmin.com/xmlschemas/ActivityExtension/v2">
              <Watts>88</Watts>
            </TPX>
          </Extensions>
        </Trackpoint>
        <Trackpoint>
          <Time>2026-09-29T10:59:56Z</Time>
          <DistanceMeters>1466.5</DistanceMeters>
          <Cadence>16</Cadence>
          <SensorState>Present</SensorState>
          <Extensions>
            <TPX xmlns="https://www.garmin.com/xmlschemas/ActivityExtension/v2">
              <Watts>89</Watts>
            </TPX>
          </Extensions>
        </Trackpoint>
        <Trackpoint>
          <Time>2026-09-29T11:00:00Z</Time>
          <DistanceMeters>1476.9</DistanceMeters>
          <Cadence>16</Cadence>
          <SensorState>Present</SensorState>
          <Extensions>
            <TPX xmlns="https://www.garmin.com/xmlschemas/ActivityExtension/v2">
              <Watts>89</Watts>
            </TPX>
          </Extensions>
        </Trackpoint>
        <Trackpoint>
          <Time>2026-09-29T11:00:03Z</Time>
          <DistanceMeters>1488.9</DistanceMeters>
          <Cadence>17</Cadence>
          <SensorState>Present</SensorState>
          <Extensions>
            <TPX xmlns="https://www.garmin.com/xmlschemas/ActivityExtension/v2">
              <Watts>92</Watts>
            </TPX>
          </Extensions>
        </Trackpoint>
        <Trackpoint>
          <Time>2026-09-29T11:00:08Z</Time>
          <DistanceMeters>1503.1</DistanceMeters>
          <Cadence>14</Cadence>
          <SensorState>Present</SensorState>
          <Extensions>
            <TPX xmlns="https://www.garmin.com/xmlschemas/ActivityExtension/v2">
              <Watts>83</Watts>
            </TPX>
          </Extensions>
        </Trackpoint>
        <Trackpoint>
          <Time>2026-09-29T11:00:11Z</Time>
          <DistanceMeters>1514.2</DistanceMeters>
          <Cadence>14</Cadence>
          <SensorState>Present</SensorState>
          <Extensions>
            <TPX xmlns="https://www.garmin.com/xmlschemas/ActivityExtension/v2">
              <Watts>83</Watts>
            </TPX>
          </Extensions>
        </Trackpoint>
        <Trackpoint>
          <Time>2026-09-29T11:00:15Z</Time>
          <DistanceMeters>1526.3</DistanceMeters>
          <Cadence>16</Cadence>
          <SensorState>Present</SensorState>
          <Extensions>
            <TPX xmlns="https://www.garmin.com/xmlschemas/ActivityExtension/v2">
              <Watts>91</Watts>
            </TPX>
          </Extensions>
        </Trackpoint>
        <Trackpoint>
          <Time>2026-09-29T11:00:19Z</Time>
          <DistanceMeters>1537.5</DistanceMeters>
          <Cadence>16</Cadence>
          <SensorState>Present</SensorState>
          <Extensions>
            <TPX xmlns="https://www.garmin.com/xmlschemas/ActivityExtension/v2">
              <Watts>91</Watts>
            </TPX>
          </Extensions>
        </Trackpoint>
        <Trackpoint>
          <Time>2026-09-29T11:00:23Z</Time>
          <DistanceMeters>1550.3</DistanceMeters>
          <Cadence>15</Cadence>
          <SensorState>Present</SensorState>
          <Extensions>
            <TPX xmlns="https://www.garmin.com/xmlschemas/ActivityExtension/v2">
              <Watts>89</Watts>
            </TPX>
          </Extensions>
        </Trackpoint>
        <Trackpoint>
          <Time>2026-09-29T11:00:27Z</Time>
          <DistanceMeters>1562.8</DistanceMeters>
          <Cadence>15</Cadence>
          <SensorState>Present</SensorState>
          <Extensions>
            <TPX xmlns="https://www.garmin.com/xmlschemas/ActivityExtension/v2">
              <Watts>83</Watts>
            </TPX>
          </Extensions>
        </Trackpoint>
        <Trackpoint>
          <Time>2026-09-29T11:00:30Z</Time>
          <DistanceMeters>1574.5</DistanceMeters>
          <Cadence>15</Cadence>
          <SensorState>Present</SensorState>
          <Extensions>
            <TPX xmlns="https://www.garmin.com/xmlschemas/ActivityExtension/v2">
              <Watts>82</Watts>
            </TPX>
          </Extensions>
        </Trackpoint>
        <Trackpoint>
          <Time>2026-09-29T11:00:34Z</Time>
          <DistanceMeters>1587.2</DistanceMeters>
          <Cadence>15</Cadence>
          <SensorState>Present</SensorState>
          <Extensions>
            <TPX xmlns="https://www.garmin.com/xmlschemas/ActivityExtension/v2">
              <Watts>85</Watts>
            </TPX>
          </Extensions>
        </Trackpoint>
        <Trackpoint>
          <Time>2026-09-29T11:00:38Z</Time>
          <DistanceMeters>1599.2</DistanceMeters>
          <Cadence>16</Cadence>
          <SensorState>Present</SensorState>
          <Extensions>
            <TPX xmlns="https://www.garmin.com/xmlschemas/ActivityExtension/v2">
              <Watts>90</Watts>
            </TPX>
          </Extensions>
        </Trackpoint>
        <Trackpoint>
          <Time>2026-09-29T11:00:42Z</Time>
          <DistanceMeters>1612</DistanceMeters>
          <Cadence>15</Cadence>
          <SensorState>Present</SensorState>
          <Extensions>
            <TPX xmlns="https://www.garmin.com/xmlschemas/ActivityExtension/v2">
              <Watts>92</Watts>
            </TPX>
          </Extensions>
        </Trackpoint>
        <Trackpoint>
          <Time>2026-09-29T11:00:46Z</Time>
          <DistanceMeters>1624.3</DistanceMeters>
          <Cadence>16</Cadence>
          <SensorState>Present</SensorState>
          <Extensions>
            <TPX xmlns="https://www.garmin.com/xmlschemas/ActivityExtension/v2">
              <Watts>98</Watts>
            </TPX>
          </Extensions>
        </Trackpoint>
        <Trackpoint>
          <Time>2026-09-29T11:00:50Z</Time>
          <DistanceMeters>1636.5</DistanceMeters>
          <Cadence>16</Cadence>
          <SensorState>Present</SensorState>
          <Extensions>
            <TPX xmlns="https://www.garmin.com/xmlschemas/ActivityExtension/v2">
              <Watts>98</Watts>
            </TPX>
          </Extensions>
        </Trackpoint>
        <Trackpoint>
          <Time>2026-09-29T11:00:54Z</Time>
          <DistanceMeters>1650.7</DistanceMeters>
          <Cadence>15</Cadence>
          <SensorState>Present</SensorState>
          <Extensions>
            <TPX xmlns="https://www.garmin.com/xmlschemas/ActivityExtension/v2">
              <Watts>94</Watts>
            </TPX>
          </Extensions>
        </Trackpoint>
        <Trackpoint>
          <Time>2026-09-29T11:00:58Z</Time>
          <DistanceMeters>1663.3</DistanceMeters>
          <Cadence>16</Cadence>
          <SensorState>Present</SensorState>
          <Extensions>
            <TPX xmlns="https://www.garmin.com/xmlschemas/ActivityExtension/v2">
              <Watts>83</Watts>
            </TPX>
          </Extensions>
        </Trackpoint>
        <Trackpoint>
          <Time>2026-09-29T11:01:02Z</Time>
          <DistanceMeters>1674.4</DistanceMeters>
          <Cadence>17</Cadence>
          <SensorState>Present</SensorState>
          <Extensions>
            <TPX xmlns="https://www.garmin.com/xmlschemas/ActivityExtension/v2">
              <Watts>88</Watts>
            </TPX>
          </Extensions>
        </Trackpoint>
        <Trackpoint>
          <Time>2026-09-29T11:01:07Z</Time>
          <DistanceMeters>1689.4</DistanceMeters>
          <Cadence>17</Cadence>
          <SensorState>Present</SensorState>
          <Extensions>
            <TPX xmlns="https://www.garmin.com/xmlschemas/ActivityExtension/v2">
              <Watts>88</Watts>
            </TPX>
          </Extensions>
        </Trackpoint>
        <Trackpoint>
          <Time>2026-09-29T11:01:11Z</Time>
          <DistanceMeters>1701.5</DistanceMeters>
          <Cadence>15</Cadence>
          <SensorState>Present</SensorState>
          <Extensions>
            <TPX xmlns="https://www.garmin.com/xmlschemas/ActivityExtension/v2">
              <Watts>77</Watts>
            </TPX>
          </Extensions>
        </Trackpoint>
        <Trackpoint>
          <Time>2026-09-29T11:01:15Z</Time>
          <DistanceMeters>1713.6</DistanceMeters>
          <Cadence>15</Cadence>
          <SensorState>Present</SensorState>
          <Extensions>
            <TPX xmlns="https://www.garmin.com/xmlschemas/ActivityExtension/v2">
              <Watts>77</Watts>
            </TPX>
          </Extensions>
        </Trackpoint>
        <Trackpoint>
          <Time>2026-09-29T11:01:19Z</Time>
          <DistanceMeters>1727.1</DistanceMeters>
          <Cadence>14</Cadence>
          <SensorState>Present</SensorState>
          <Extensions>
            <TPX xmlns="https://www.garmin.com/xmlschemas/ActivityExtension/v2">
              <Watts>72</Watts>
            </TPX>
          </Extensions>
        </Trackpoint>
        <Trackpoint>
          <Time>2026-09-29T11:01:24Z</Time>
          <DistanceMeters>1739.8</DistanceMeters>
          <Cadence>14</Cadence>
          <SensorState>Present</SensorState>
          <Extensions>
            <TPX xmlns="https://www.garmin.com/xmlschemas/ActivityExtension/v2">
              <Watts>74</Watts>
            </TPX>
          </Extensions>
        </Trackpoint>
        <Trackpoint>
          <Time>2026-09-29T11:01:28Z</Time>
          <DistanceMeters>1753.1</DistanceMeters>
          <Cadence>13</Cadence>
          <SensorState>Present</SensorState>
          <Extensions>
            <TPX xmlns="https://www.garmin.com/xmlschemas/ActivityExtension/v2">
              <Watts>73</Watts>
            </TPX>
          </Extensions>
        </Trackpoint>
        <Trackpoint>
          <Time>2026-09-29T11:01:32Z</Time>
          <DistanceMeters>1766</DistanceMeters>
          <Cadence>14</Cadence>
          <SensorState>Present</SensorState>
          <Extensions>
            <TPX xmlns="https://www.garmin.com/xmlschemas/ActivityExtension/v2">
              <Watts>77</Watts>
            </TPX>
          </Extensions>
        </Trackpoint>
        <Trackpoint>
          <Time>2026-09-29T11:01:38Z</Time>
          <DistanceMeters>1781.9</DistanceMeters>
          <Cadence>12</Cadence>
          <SensorState>Present</SensorState>
          <Extensions>
            <TPX xmlns="https://www.garmin.com/xmlschemas/ActivityExtension/v2">
              <Watts>74</Watts>
            </TPX>
          </Extensions>
        </Trackpoint>
        <Trackpoint>
          <Time>2026-09-29T11:01:42Z</Time>
          <DistanceMeters>1794</DistanceMeters>
          <Cadence>12</Cadence>
          <SensorState>Present</SensorState>
          <Extensions>
            <TPX xmlns="https://www.garmin.com/xmlschemas/ActivityExtension/v2">
              <Watts>74</Watts>
            </TPX>
          </Extensions>
        </Trackpoint>
        <Trackpoint>
          <Time>2026-09-29T11:01:46Z</Time>
          <DistanceMeters>1806.5</DistanceMeters>
          <Cadence>14</Cadence>
          <SensorState>Present</SensorState>
          <Extensions>
            <TPX xmlns="https://www.garmin.com/xmlschemas/ActivityExtension/v2">
              <Watts>78</Watts>
            </TPX>
          </Extensions>
        </Trackpoint>
        <Trackpoint>
          <Time>2026-09-29T11:01:50Z</Time>
          <DistanceMeters>1820.9</DistanceMeters>
          <Cadence>13</Cadence>
          <SensorState>Present</SensorState>
          <Extensions>
            <TPX xmlns="https://www.garmin.com/xmlschemas/ActivityExtension/v2">
              <Watts>88</Watts>
            </TPX>
          </Extensions>
        </Trackpoint>
        <Trackpoint>
          <Time>2026-09-29T11:01:54Z</Time>
          <DistanceMeters>1835.4</DistanceMeters>
          <Cadence>13</Cadence>
          <SensorState>Present</SensorState>
          <Extensions>
            <TPX xmlns="https://www.garmin.com/xmlschemas/ActivityExtension/v2">
              <Watts>88</Watts>
            </TPX>
          </Extensions>
        </Trackpoint>
        <Trackpoint>
          <Time>2026-09-29T11:01:59Z</Time>
          <DistanceMeters>1849.1</DistanceMeters>
          <Cadence>14</Cadence>
          <SensorState>Present</SensorState>
          <Extensions>
            <TPX xmlns="https://www.garmin.com/xmlschemas/ActivityExtension/v2">
              <Watts>109</Watts>
            </TPX>
          </Extensions>
        </Trackpoint>
        <Trackpoint>
          <Time>2026-09-29T11:02:03Z</Time>
          <DistanceMeters>1864</DistanceMeters>
          <Cadence>15</Cadence>
          <SensorState>Present</SensorState>
          <Extensions>
            <TPX xmlns="https://www.garmin.com/xmlschemas/ActivityExtension/v2">
              <Watts>114</Watts>
            </TPX>
          </Extensions>
        </Trackpoint>
        <Trackpoint>
          <Time>2026-09-29T11:02:07Z</Time>
          <DistanceMeters>1877.5</DistanceMeters>
          <Cadence>15</Cadence>
          <SensorState>Present</SensorState>
          <Extensions>
            <TPX xmlns="https://www.garmin.com/xmlschemas/ActivityExtension/v2">
              <Watts>114</Watts>
            </TPX>
          </Extensions>
        </Trackpoint>
        <Trackpoint>
          <Time>2026-09-29T11:02:10Z</Time>
          <DistanceMeters>1888</DistanceMeters>
          <Cadence>19</Cadence>
          <SensorState>Present</SensorState>
          <Extensions>
            <TPX xmlns="https://www.garmin.com/xmlschemas/ActivityExtension/v2">
              <Watts>92</Watts>
            </TPX>
          </Extensions>
        </Trackpoint>
        <Trackpoint>
          <Time>2026-09-29T11:02:14Z</Time>
          <DistanceMeters>1901.8</DistanceMeters>
          <Cadence>19</Cadence>
          <SensorState>Present</SensorState>
          <Extensions>
            <TPX xmlns="https://www.garmin.com/xmlschemas/ActivityExtension/v2">
              <Watts>92</Watts>
            </TPX>
          </Extensions>
        </Trackpoint>
        <Trackpoint>
          <Time>2026-09-29T11:02:18Z</Time>
          <DistanceMeters>1915.5</DistanceMeters>
          <Cadence>15</Cadence>
          <SensorState>Present</SensorState>
          <Extensions>
            <TPX xmlns="https://www.garmin.com/xmlschemas/ActivityExtension/v2">
              <Watts>106</Watts>
            </TPX>
          </Extensions>
        </Trackpoint>
        <Trackpoint>
          <Time>2026-09-29T11:02:22Z</Time>
          <DistanceMeters>1928.8</DistanceMeters>
          <Cadence>15</Cadence>
          <SensorState>Present</SensorState>
          <Extensions>
            <TPX xmlns="https://www.garmin.com/xmlschemas/ActivityExtension/v2">
              <Watts>103</Watts>
            </TPX>
          </Extensions>
        </Trackpoint>
        <Trackpoint>
          <Time>2026-09-29T11:02:26Z</Time>
          <DistanceMeters>1941.2</DistanceMeters>
          <Cadence>16</Cadence>
          <SensorState>Present</SensorState>
          <Extensions>
            <TPX xmlns="https://www.garmin.com/xmlschemas/ActivityExtension/v2">
              <Watts>100</Watts>
            </TPX>
          </Extensions>
        </Trackpoint>
        <Trackpoint>
          <Time>2026-09-29T11:02:30Z</Time>
          <DistanceMeters>1954.3</DistanceMeters>
          <Cadence>16</Cadence>
          <SensorState>Present</SensorState>
          <Extensions>
            <TPX xmlns="https://www.garmin.com/xmlschemas/ActivityExtension/v2">
              <Watts>100</Watts>
            </TPX>
          </Extensions>
        </Trackpoint>
        <Trackpoint>
          <Time>2026-09-29T11:02:34Z</Time>
          <DistanceMeters>1968.1</DistanceMeters>
          <Cadence>14</Cadence>
          <SensorState>Present</SensorState>
          <Extensions>
            <TPX xmlns="https://www.garmin.com/xmlschemas/ActivityExtension/v2">
              <Watts>94</Watts>
            </TPX>
          </Extensions>
        </Trackpoint>
        <Trackpoint>
          <Time>2026-09-29T11:02:38Z</Time>
          <DistanceMeters>1981.8</DistanceMeters>
          <Cadence>14</Cadence>
          <SensorState>Present</SensorState>
          <Extensions>
            <TPX xmlns="https://www.garmin.com/xmlschemas/ActivityExtension/v2">
              <Watts>94</Watts>
            </TPX>
          </Extensions>
        </Trackpoint>
        <Trackpoint>
          <Time>2026-09-29T11:02:42Z</Time>
          <DistanceMeters>1994.9</DistanceMeters>
          <Cadence>15</Cadence>
          <SensorState>Present</SensorState>
          <Extensions>
            <TPX xmlns="https://www.garmin.com/xmlschemas/ActivityExtension/v2">
              <Watts>96</Watts>
            </TPX>
          </Extensions>
        </Trackpoint>
        <Trackpoint>
          <Time>2026-09-29T11:02:47Z</Time>
          <DistanceMeters>2009.8</DistanceMeters>
          <Cadence>15</Cadence>
          <SensorState>Present</SensorState>
          <Extensions>
            <TPX xmlns="https://www.garmin.com/xmlschemas/ActivityExtension/v2">
              <Watts>96</Watts>
            </TPX>
          </Extensions>
        </Trackpoint>
        <Trackpoint>
          <Time>2026-09-29T11:02:51Z</Time>
          <DistanceMeters>2022.8</DistanceMeters>
          <Cadence>16</Cadence>
          <SensorState>Present</SensorState>
          <Extensions>
            <TPX xmlns="https://www.garmin.com/xmlschemas/ActivityExtension/v2">
              <Watts>92</Watts>
            </TPX>
          </Extensions>
        </Trackpoint>
        <Trackpoint>
          <Time>2026-09-29T11:02:56Z</Time>
          <DistanceMeters>2038.2</DistanceMeters>
          <Cadence>12</Cadence>
          <SensorState>Present</SensorState>
          <Extensions>
            <TPX xmlns="https://www.garmin.com/xmlschemas/ActivityExtension/v2">
              <Watts>82</Watts>
            </TPX>
          </Extensions>
        </Trackpoint>
        <Trackpoint>
          <Time>2026-09-29T11:03:00Z</Time>
          <DistanceMeters>2051.4</DistanceMeters>
          <Cadence>14</Cadence>
          <SensorState>Present</SensorState>
          <Extensions>
            <TPX xmlns="https://www.garmin.com/xmlschemas/ActivityExtension/v2">
              <Watts>80</Watts>
            </TPX>
          </Extensions>
        </Trackpoint>
        <Trackpoint>
          <Time>2026-09-29T11:03:05Z</Time>
          <DistanceMeters>2065.3</DistanceMeters>
          <Cadence>14</Cadence>
          <SensorState>Present</SensorState>
          <Extensions>
            <TPX xmlns="https://www.garmin.com/xmlschemas/ActivityExtension/v2">
              <Watts>80</Watts>
            </TPX>
          </Extensions>
        </Trackpoint>
        <Trackpoint>
          <Time>2026-09-29T11:03:10Z</Time>
          <DistanceMeters>2079.2</DistanceMeters>
          <Cadence>13</Cadence>
          <SensorState>Present</SensorState>
          <Extensions>
            <TPX xmlns="https://www.garmin.com/xmlschemas/ActivityExtension/v2">
              <Watts>81</Watts>
            </TPX>
          </Extensions>
        </Trackpoint>
        <Trackpoint>
          <Time>2026-09-29T11:03:13Z</Time>
          <DistanceMeters>2089.7</DistanceMeters>
          <Cadence>13</Cadence>
          <SensorState>Present</SensorState>
          <Extensions>
            <TPX xmlns="https://www.garmin.com/xmlschemas/ActivityExtension/v2">
              <Watts>81</Watts>
            </TPX>
          </Extensions>
        </Trackpoint>
        <Trackpoint>
          <Time>2026-09-29T11:03:17Z</Time>
          <DistanceMeters>2102.8</DistanceMeters>
          <Cadence>15</Cadence>
          <SensorState>Present</SensorState>
          <Extensions>
            <TPX xmlns="https://www.garmin.com/xmlschemas/ActivityExtension/v2">
              <Watts>94</Watts>
            </TPX>
          </Extensions>
        </Trackpoint>
        <Trackpoint>
          <Time>2026-09-29T11:03:21Z</Time>
          <DistanceMeters>2115.7</DistanceMeters>
          <Cadence>15</Cadence>
          <SensorState>Present</SensorState>
          <Extensions>
            <TPX xmlns="https://www.garmin.com/xmlschemas/ActivityExtension/v2">
              <Watts>92</Watts>
            </TPX>
          </Extensions>
        </Trackpoint>
        <Trackpoint>
          <Time>2026-09-29T11:03:24Z</Time>
          <DistanceMeters>2127.4</DistanceMeters>
          <Cadence>15</Cadence>
          <SensorState>Present</SensorState>
          <Extensions>
            <TPX xmlns="https://www.garmin.com/xmlschemas/ActivityExtension/v2">
              <Watts>92</Watts>
            </TPX>
          </Extensions>
        </Trackpoint>
        <Trackpoint>
          <Time>2026-09-29T11:03:29Z</Time>
          <DistanceMeters>2141.2</DistanceMeters>
          <Cadence>14</Cadence>
          <SensorState>Present</SensorState>
          <Extensions>
            <TPX xmlns="https://www.garmin.com/xmlschemas/ActivityExtension/v2">
              <Watts>93</Watts>
            </TPX>
          </Extensions>
        </Trackpoint>
        <Trackpoint>
          <Time>2026-09-29T11:03:33Z</Time>
          <DistanceMeters>2153.9</DistanceMeters>
          <Cadence>14</Cadence>
          <SensorState>Present</SensorState>
          <Extensions>
            <TPX xmlns="https://www.garmin.com/xmlschemas/ActivityExtension/v2">
              <Watts>93</Watts>
            </TPX>
          </Extensions>
        </Trackpoint>
        <Trackpoint>
          <Time>2026-09-29T11:03:38Z</Time>
          <DistanceMeters>2171.6</DistanceMeters>
          <Cadence>11</Cadence>
          <SensorState>Present</SensorState>
          <Extensions>
            <TPX xmlns="https://www.garmin.com/xmlschemas/ActivityExtension/v2">
              <Watts>79</Watts>
            </TPX>
          </Extensions>
        </Trackpoint>
        <Trackpoint>
          <Time>2026-09-29T11:03:43Z</Time>
          <DistanceMeters>2185.3</DistanceMeters>
          <Cadence>13</Cadence>
          <SensorState>Present</SensorState>
          <Extensions>
            <TPX xmlns="https://www.garmin.com/xmlschemas/ActivityExtension/v2">
              <Watts>78</Watts>
            </TPX>
          </Extensions>
        </Trackpoint>
        <Trackpoint>
          <Time>2026-09-29T11:03:48Z</Time>
          <DistanceMeters>2199.9</DistanceMeters>
          <Cadence>13</Cadence>
          <SensorState>Present</SensorState>
          <Extensions>
            <TPX xmlns="https://www.garmin.com/xmlschemas/ActivityExtension/v2">
              <Watts>80</Watts>
            </TPX>
          </Extensions>
        </Trackpoint>
        <Trackpoint>
          <Time>2026-09-29T11:03:52Z</Time>
          <DistanceMeters>2213.3</DistanceMeters>
          <Cadence>14</Cadence>
          <SensorState>Present</SensorState>
          <Extensions>
            <TPX xmlns="https://www.garmin.com/xmlschemas/ActivityExtension/v2">
              <Watts>85</Watts>
            </TPX>
          </Extensions>
        </Trackpoint>
        <Trackpoint>
          <Time>2026-09-29T11:03:56Z</Time>
          <DistanceMeters>2226.8</DistanceMeters>
          <Cadence>14</Cadence>
          <SensorState>Present</SensorState>
          <Extensions>
            <TPX xmlns="https://www.garmin.com/xmlschemas/ActivityExtension/v2">
              <Watts>88</Watts>
            </TPX>
          </Extensions>
        </Trackpoint>
        <Trackpoint>
          <Time>2026-09-29T11:04:00Z</Time>
          <DistanceMeters>2240.3</DistanceMeters>
          <Cadence>14</Cadence>
          <SensorState>Present</SensorState>
          <Extensions>
            <TPX xmlns="https://www.garmin.com/xmlschemas/ActivityExtension/v2">
              <Watts>88</Watts>
            </TPX>
          </Extensions>
        </Trackpoint>
        <Trackpoint>
          <Time>2026-09-29T11:04:06Z</Time>
          <DistanceMeters>2256.3</DistanceMeters>
          <Cadence>14</Cadence>
          <SensorState>Present</SensorState>
          <Extensions>
            <TPX xmlns="https://www.garmin.com/xmlschemas/ActivityExtension/v2">
              <Watts>88</Watts>
            </TPX>
          </Extensions>
        </Trackpoint>
        <Trackpoint>
          <Time>2026-09-29T11:04:11Z</Time>
          <DistanceMeters>2271.2</DistanceMeters>
          <Cadence>13</Cadence>
          <SensorState>Present</SensorState>
          <Extensions>
            <TPX xmlns="https://www.garmin.com/xmlschemas/ActivityExtension/v2">
              <Watts>84</Watts>
            </TPX>
          </Extensions>
        </Trackpoint>
        <Trackpoint>
          <Time>2026-09-29T11:04:16Z</Time>
          <DistanceMeters>2287.7</DistanceMeters>
          <Cadence>13</Cadence>
          <SensorState>Present</SensorState>
          <Extensions>
            <TPX xmlns="https://www.garmin.com/xmlschemas/ActivityExtension/v2">
              <Watts>84</Watts>
            </TPX>
          </Extensions>
        </Trackpoint>
        <Trackpoint>
          <Time>2026-09-29T11:04:20Z</Time>
          <DistanceMeters>2300.2</DistanceMeters>
          <Cadence>15</Cadence>
          <SensorState>Present</SensorState>
          <Extensions>
            <TPX xmlns="https://www.garmin.com/xmlschemas/ActivityExtension/v2">
              <Watts>82</Watts>
            </TPX>
          </Extensions>
        </Trackpoint>
        <Trackpoint>
          <Time>2026-09-29T11:04:25Z</Time>
          <DistanceMeters>2314.8</DistanceMeters>
          <Cadence>15</Cadence>
          <SensorState>Present</SensorState>
          <Extensions>
            <TPX xmlns="https://www.garmin.com/xmlschemas/ActivityExtension/v2">
              <Watts>82</Watts>
            </TPX>
          </Extensions>
        </Trackpoint>
        <Trackpoint>
          <Time>2026-09-29T11:04:30Z</Time>
          <DistanceMeters>2330.4</DistanceMeters>
          <Cadence>13</Cadence>
          <SensorState>Present</SensorState>
          <Extensions>
            <TPX xmlns="https://www.garmin.com/xmlschemas/ActivityExtension/v2">
              <Watts>79</Watts>
            </TPX>
          </Extensions>
        </Trackpoint>
        <Trackpoint>
          <Time>2026-09-29T11:04:36Z</Time>
          <DistanceMeters>2348.3</DistanceMeters>
          <Cadence>10</Cadence>
          <SensorState>Present</SensorState>
          <Extensions>
            <TPX xmlns="https://www.garmin.com/xmlschemas/ActivityExtension/v2">
              <Watts>63</Watts>
            </TPX>
          </Extensions>
        </Trackpoint>
        <Trackpoint>
          <Time>2026-09-29T11:04:41Z</Time>
          <DistanceMeters>2361.6</DistanceMeters>
          <Cadence>13</Cadence>
          <SensorState>Present</SensorState>
          <Extensions>
            <TPX xmlns="https://www.garmin.com/xmlschemas/ActivityExtension/v2">
              <Watts>70</Watts>
            </TPX>
          </Extensions>
        </Trackpoint>
        <Trackpoint>
          <Time>2026-09-29T11:04:45Z</Time>
          <DistanceMeters>2373.8</DistanceMeters>
          <Cadence>13</Cadence>
          <SensorState>Present</SensorState>
          <Extensions>
            <TPX xmlns="https://www.garmin.com/xmlschemas/ActivityExtension/v2">
              <Watts>70</Watts>
            </TPX>
          </Extensions>
        </Trackpoint>
        <Trackpoint>
          <Time>2026-09-29T11:04:50Z</Time>
          <DistanceMeters>2389.2</DistanceMeters>
          <Cadence>14</Cadence>
          <SensorState>Present</SensorState>
          <Extensions>
            <TPX xmlns="https://www.garmin.com/xmlschemas/ActivityExtension/v2">
              <Watts>79</Watts>
            </TPX>
          </Extensions>
        </Trackpoint>
        <Trackpoint>
          <Time>2026-09-29T11:04:55Z</Time>
          <DistanceMeters>2404</DistanceMeters>
          <Cadence>11</Cadence>
          <SensorState>Present</SensorState>
          <Extensions>
            <TPX xmlns="https://www.garmin.com/xmlschemas/ActivityExtension/v2">
              <Watts>70</Watts>
            </TPX>
          </Extensions>
        </Trackpoint>
        <Trackpoint>
          <Time>2026-09-29T11:05:00Z</Time>
          <DistanceMeters>2418.9</DistanceMeters>
          <Cadence>12</Cadence>
          <SensorState>Present</SensorState>
          <Extensions>
            <TPX xmlns="https://www.garmin.com/xmlschemas/ActivityExtension/v2">
              <Watts>73</Watts>
            </TPX>
          </Extensions>
        </Trackpoint>
        <Trackpoint>
          <Time>2026-09-29T11:05:05Z</Time>
          <DistanceMeters>2433.7</DistanceMeters>
          <Cadence>12</Cadence>
          <SensorState>Present</SensorState>
          <Extensions>
            <TPX xmlns="https://www.garmin.com/xmlschemas/ActivityExtension/v2">
              <Watts>73</Watts>
            </TPX>
          </Extensions>
        </Trackpoint>
        <Trackpoint>
          <Time>2026-09-29T11:05:10Z</Time>
          <DistanceMeters>2448.8</DistanceMeters>
          <Cadence>12</Cadence>
          <SensorState>Present</SensorState>
          <Extensions>
            <TPX xmlns="https://www.garmin.com/xmlschemas/ActivityExtension/v2">
              <Watts>74</Watts>
            </TPX>
          </Extensions>
        </Trackpoint>
        <Trackpoint>
          <Time>2026-09-29T11:05:14Z</Time>
          <DistanceMeters>2460.6</DistanceMeters>
          <Cadence>12</Cadence>
          <SensorState>Present</SensorState>
          <Extensions>
            <TPX xmlns="https://www.garmin.com/xmlschemas/ActivityExtension/v2">
              <Watts>74</Watts>
            </TPX>
          </Extensions>
        </Trackpoint>
        <Trackpoint>
          <Time>2026-09-29T11:05:19Z</Time>
          <DistanceMeters>2475.5</DistanceMeters>
          <Cadence>13</Cadence>
          <SensorState>Present</SensorState>
          <Extensions>
            <TPX xmlns="https://www.garmin.com/xmlschemas/ActivityExtension/v2">
              <Watts>82</Watts>
            </TPX>
          </Extensions>
        </Trackpoint>
        <Trackpoint>
          <Time>2026-09-29T11:05:25Z</Time>
          <DistanceMeters>2492.3</DistanceMeters>
          <Cadence>13</Cadence>
          <SensorState>Present</SensorState>
          <Extensions>
            <TPX xmlns="https://www.garmin.com/xmlschemas/ActivityExtension/v2">
              <Watts>82</Watts>
            </TPX>
          </Extensions>
        </Trackpoint>
        <Trackpoint>
          <Time>2026-09-29T11:05:30Z</Time>
          <DistanceMeters>2507.3</DistanceMeters>
          <Cadence>12</Cadence>
          <SensorState>Present</SensorState>
          <Extensions>
            <TPX xmlns="https://www.garmin.com/xmlschemas/ActivityExtension/v2">
              <Watts>74</Watts>
            </TPX>
          </Extensions>
        </Trackpoint>
        <Trackpoint>
          <Time>2026-09-29T11:05:35Z</Time>
          <DistanceMeters>2522.2</DistanceMeters>
          <Cadence>12</Cadence>
          <SensorState>Present</SensorState>
          <Extensions>
            <TPX xmlns="https://www.garmin.com/xmlschemas/ActivityExtension/v2">
              <Watts>73</Watts>
            </TPX>
          </Extensions>
        </Trackpoint>
        <Trackpoint>
          <Time>2026-09-29T11:05:39Z</Time>
          <DistanceMeters>2535.6</DistanceMeters>
          <Cadence>13</Cadence>
          <SensorState>Present</SensorState>
          <Extensions>
            <TPX xmlns="https://www.garmin.com/xmlschemas/ActivityExtension/v2">
              <Watts>74</Watts>
            </TPX>
          </Extensions>
        </Trackpoint>
        <Trackpoint>
          <Time>2026-09-29T11:05:44Z</Time>
          <DistanceMeters>2549.6</DistanceMeters>
          <Cadence>13</Cadence>
          <SensorState>Present</SensorState>
          <Extensions>
            <TPX xmlns="https://www.garmin.com/xmlschemas/ActivityExtension/v2">
              <Watts>70</Watts>
            </TPX>
          </Extensions>
        </Trackpoint>
        <Trackpoint>
          <Time>2026-09-29T11:05:48Z</Time>
          <DistanceMeters>2563.3</DistanceMeters>
          <Cadence>14</Cadence>
          <SensorState>Present</SensorState>
          <Extensions>
            <TPX xmlns="https://www.garmin.com/xmlschemas/ActivityExtension/v2">
              <Watts>76</Watts>
            </TPX>
          </Extensions>
        </Trackpoint>
        <Trackpoint>
          <Time>2026-09-29T11:05:54Z</Time>
          <DistanceMeters>2578.6</DistanceMeters>
          <Cadence>11</Cadence>
          <SensorState>Present</SensorState>
          <Extensions>
            <TPX xmlns="https://www.garmin.com/xmlschemas/ActivityExtension/v2">
              <Watts>69</Watts>
            </TPX>
          </Extensions>
        </Trackpoint>
        <Trackpoint>
          <Time>2026-09-29T11:05:59Z</Time>
          <DistanceMeters>2592.9</DistanceMeters>
          <Cadence>11</Cadence>
          <SensorState>Present</SensorState>
          <Extensions>
            <TPX xmlns="https://www.garmin.com/xmlschemas/ActivityExtension/v2">
              <Watts>69</Watts>
            </TPX>
          </Extensions>
        </Trackpoint>
        <Trackpoint>
          <Time>2026-09-29T11:06:04Z</Time>
          <DistanceMeters>2607.7</DistanceMeters>
          <Cadence>12</Cadence>
          <SensorState>Present</SensorState>
          <Extensions>
            <TPX xmlns="https://www.garmin.com/xmlschemas/ActivityExtension/v2">
              <Watts>70</Watts>
            </TPX>
          </Extensions>
        </Trackpoint>
        <Trackpoint>
          <Time>2026-09-29T11:06:08Z</Time>
          <DistanceMeters>2620.1</DistanceMeters>
          <Cadence>15</Cadence>
          <SensorState>Present</SensorState>
          <Extensions>
            <TPX xmlns="https://www.garmin.com/xmlschemas/ActivityExtension/v2">
              <Watts>83</Watts>
            </TPX>
          </Extensions>
        </Trackpoint>
        <Trackpoint>
          <Time>2026-09-29T11:06:12Z</Time>
          <DistanceMeters>2633.9</DistanceMeters>
          <Cadence>15</Cadence>
          <SensorState>Present</SensorState>
          <Extensions>
            <TPX xmlns="https://www.garmin.com/xmlschemas/ActivityExtension/v2">
              <Watts>83</Watts>
            </TPX>
          </Extensions>
        </Trackpoint>
        <Trackpoint>
          <Time>2026-09-29T11:06:17Z</Time>
          <DistanceMeters>2648.1</DistanceMeters>
          <Cadence>14</Cadence>
          <SensorState>Present</SensorState>
          <Extensions>
            <TPX xmlns="https://www.garmin.com/xmlschemas/ActivityExtension/v2">
              <Watts>84</Watts>
            </TPX>
          </Extensions>
        </Trackpoint>
        <Trackpoint>
          <Time>2026-09-29T11:06:23Z</Time>
          <DistanceMeters>2664.9</DistanceMeters>
          <Cadence>10</Cadence>
          <SensorState>Present</SensorState>
          <Extensions>
            <TPX xmlns="https://www.garmin.com/xmlschemas/ActivityExtension/v2">
              <Watts>68</Watts>
            </TPX>
          </Extensions>
        </Trackpoint>
        <Trackpoint>
          <Time>2026-09-29T11:06:27Z</Time>
          <DistanceMeters>2677.9</DistanceMeters>
          <Cadence>14</Cadence>
          <SensorState>Present</SensorState>
          <Extensions>
            <TPX xmlns="https://www.garmin.com/xmlschemas/ActivityExtension/v2">
              <Watts>78</Watts>
            </TPX>
          </Extensions>
        </Trackpoint>
        <Trackpoint>
          <Time>2026-09-29T11:06:30Z</Time>
          <DistanceMeters>2688.4</DistanceMeters>
          <Cadence>19</Cadence>
          <SensorState>Present</SensorState>
          <Extensions>
            <TPX xmlns="https://www.garmin.com/xmlschemas/ActivityExtension/v2">
              <Watts>94</Watts>
            </TPX>
          </Extensions>
        </Trackpoint>
        <Trackpoint>
          <Time>2026-09-29T11:06:35Z</Time>
          <DistanceMeters>2702.4</DistanceMeters>
          <Cadence>19</Cadence>
          <SensorState>Present</SensorState>
          <Extensions>
            <TPX xmlns="https://www.garmin.com/xmlschemas/ActivityExtension/v2">
              <Watts>94</Watts>
            </TPX>
          </Extensions>
        </Trackpoint>
        <Trackpoint>
          <Time>2026-09-29T11:06:39Z</Time>
          <DistanceMeters>2715.4</DistanceMeters>
          <Cadence>14</Cadence>
          <SensorState>Present</SensorState>
          <Extensions>
            <TPX xmlns="https://www.garmin.com/xmlschemas/ActivityExtension/v2">
              <Watts>79</Watts>
            </TPX>
          </Extensions>
        </Trackpoint>
        <Trackpoint>
          <Time>2026-09-29T11:06:43Z</Time>
          <DistanceMeters>2728.4</DistanceMeters>
          <Cadence>14</Cadence>
          <SensorState>Present</SensorState>
          <Extensions>
            <TPX xmlns="https://www.garmin.com/xmlschemas/ActivityExtension/v2">
              <Watts>79</Watts>
            </TPX>
          </Extensions>
        </Trackpoint>
        <Trackpoint>
          <Time>2026-09-29T11:06:48Z</Time>
          <DistanceMeters>2743.6</DistanceMeters>
          <Cadence>14</Cadence>
          <SensorState>Present</SensorState>
          <Extensions>
            <TPX xmlns="https://www.garmin.com/xmlschemas/ActivityExtension/v2">
              <Watts>80</Watts>
            </TPX>
          </Extensions>
        </Trackpoint>
        <Trackpoint>
          <Time>2026-09-29T11:06:53Z</Time>
          <DistanceMeters>2759.3</DistanceMeters>
          <Cadence>11</Cadence>
          <SensorState>Present</SensorState>
          <Extensions>
            <TPX xmlns="https://www.garmin.com/xmlschemas/ActivityExtension/v2">
              <Watts>72</Watts>
            </TPX>
          </Extensions>
        </Trackpoint>
        <Trackpoint>
          <Time>2026-09-29T11:06:58Z</Time>
          <DistanceMeters>2772.9</DistanceMeters>
          <Cadence>13</Cadence>
          <SensorState>Present</SensorState>
          <Extensions>
            <TPX xmlns="https://www.garmin.com/xmlschemas/ActivityExtension/v2">
              <Watts>76</Watts>
            </TPX>
          </Extensions>
        </Trackpoint>
        <Trackpoint>
          <Time>2026-09-29T11:07:02Z</Time>
          <DistanceMeters>2786.9</DistanceMeters>
          <Cadence>13</Cadence>
          <SensorState>Present</SensorState>
          <Extensions>
            <TPX xmlns="https://www.garmin.com/xmlschemas/ActivityExtension/v2">
              <Watts>76</Watts>
            </TPX>
          </Extensions>
        </Trackpoint>
        <Trackpoint>
          <Time>2026-09-29T11:07:06Z</Time>
          <DistanceMeters>2799.8</DistanceMeters>
          <Cadence>15</Cadence>
          <SensorState>Present</SensorState>
          <Extensions>
            <TPX xmlns="https://www.garmin.com/xmlschemas/ActivityExtension/v2">
              <Watts>90</Watts>
            </TPX>
          </Extensions>
        </Trackpoint>
        <Trackpoint>
          <Time>2026-09-29T11:07:11Z</Time>
          <DistanceMeters>2813.6</DistanceMeters>
          <Cadence>13</Cadence>
          <SensorState>Present</SensorState>
          <Extensions>
            <TPX xmlns="https://www.garmin.com/xmlschemas/ActivityExtension/v2">
              <Watts>80</Watts>
            </TPX>
          </Extensions>
        </Trackpoint>
        <Trackpoint>
          <Time>2026-09-29T11:07:15Z</Time>
          <DistanceMeters>2827</DistanceMeters>
          <Cadence>13</Cadence>
          <SensorState>Present</SensorState>
          <Extensions>
            <TPX xmlns="https://www.garmin.com/xmlschemas/ActivityExtension/v2">
              <Watts>80</Watts>
            </TPX>
          </Extensions>
        </Trackpoint>
        <Trackpoint>
          <Time>2026-09-29T11:07:19Z</Time>
          <DistanceMeters>2840.2</DistanceMeters>
          <Cadence>15</Cadence>
          <SensorState>Present</SensorState>
          <Extensions>
            <TPX xmlns="https://www.garmin.com/xmlschemas/ActivityExtension/v2">
              <Watts>97</Watts>
            </TPX>
          </Extensions>
        </Trackpoint>
        <Trackpoint>
          <Time>2026-09-29T11:07:23Z</Time>
          <DistanceMeters>2852.8</DistanceMeters>
          <Cadence>15</Cadence>
          <SensorState>Present</SensorState>
          <Extensions>
            <TPX xmlns="https://www.garmin.com/xmlschemas/ActivityExtension/v2">
              <Watts>97</Watts>
            </TPX>
          </Extensions>
        </Trackpoint>
        <Trackpoint>
          <Time>2026-09-29T11:07:28Z</Time>
          <DistanceMeters>2867.6</DistanceMeters>
          <Cadence>14</Cadence>
          <SensorState>Present</SensorState>
          <Extensions>
            <TPX xmlns="https://www.garmin.com/xmlschemas/ActivityExtension/v2">
              <Watts>96</Watts>
            </TPX>
          </Extensions>
        </Trackpoint>
        <Trackpoint>
          <Time>2026-09-29T11:07:32Z</Time>
          <DistanceMeters>2881.5</DistanceMeters>
          <Cadence>14</Cadence>
          <SensorState>Present</SensorState>
          <Extensions>
            <TPX xmlns="https://www.garmin.com/xmlschemas/ActivityExtension/v2">
              <Watts>96</Watts>
            </TPX>
          </Extensions>
        </Trackpoint>
        <Trackpoint>
          <Time>2026-09-29T11:07:36Z</Time>
          <DistanceMeters>2894.6</DistanceMeters>
          <Cadence>15</Cadence>
          <SensorState>Present</SensorState>
          <Extensions>
            <TPX xmlns="https://www.garmin.com/xmlschemas/ActivityExtension/v2">
              <Watts>94</Watts>
            </TPX>
          </Extensions>
        </Trackpoint>
        <Trackpoint>
          <Time>2026-09-29T11:07:40Z</Time>
          <DistanceMeters>2907.9</DistanceMeters>
          <Cadence>15</Cadence>
          <SensorState>Present</SensorState>
          <Extensions>
            <TPX xmlns="https://www.garmin.com/xmlschemas/ActivityExtension/v2">
              <Watts>94</Watts>
            </TPX>
          </Extensions>
        </Trackpoint>
        <Trackpoint>
          <Time>2026-09-29T11:07:45Z</Time>
          <DistanceMeters>2921.9</DistanceMeters>
          <Cadence>13</Cadence>
          <SensorState>Present</SensorState>
          <Extensions>
            <TPX xmlns="https://www.garmin.com/xmlschemas/ActivityExtension/v2">
              <Watts>82</Watts>
            </TPX>
          </Extensions>
        </Trackpoint>
        <Trackpoint>
          <Time>2026-09-29T11:07:49Z</Time>
          <DistanceMeters>2935.1</DistanceMeters>
          <Cadence>14</Cadence>
          <SensorState>Present</SensorState>
          <Extensions>
            <TPX xmlns="https://www.garmin.com/xmlschemas/ActivityExtension/v2">
              <Watts>83</Watts>
            </TPX>
          </Extensions>
        </Trackpoint>
        <Trackpoint>
          <Time>2026-09-29T11:07:53Z</Time>
          <DistanceMeters>2948.1</DistanceMeters>
          <Cadence>14</Cadence>
          <SensorState>Present</SensorState>
          <Extensions>
            <TPX xmlns="https://www.garmin.com/xmlschemas/ActivityExtension/v2">
              <Watts>83</Watts>
            </TPX>
          </Extensions>
        </Trackpoint>
        <Trackpoint>
          <Time>2026-09-29T11:07:59Z</Time>
          <DistanceMeters>2965.8</DistanceMeters>
          <Cadence>10</Cadence>
          <SensorState>Present</SensorState>
          <Extensions>
            <TPX xmlns="https://www.garmin.com/xmlschemas/ActivityExtension/v2">
              <Watts>62</Watts>
            </TPX>
          </Extensions>
        </Trackpoint>
        <Trackpoint>
          <Time>2026-09-29T11:08:06Z</Time>
          <DistanceMeters>2982.7</DistanceMeters>
          <Cadence>10</Cadence>
          <SensorState>Present</SensorState>
          <Extensions>
            <TPX xmlns="https://www.garmin.com/xmlschemas/ActivityExtension/v2">
              <Watts>54</Watts>
            </TPX>
          </Extensions>
        </Trackpoint>
        <Trackpoint>
          <Time>2026-09-29T11:08:10Z</Time>
          <DistanceMeters>2994.7</DistanceMeters>
          <Cadence>15</Cadence>
          <SensorState>Present</SensorState>
          <Extensions>
            <TPX xmlns="https://www.garmin.com/xmlschemas/ActivityExtension/v2">
              <Watts>77</Watts>
            </TPX>
          </Extensions>
        </Trackpoint>
        <Trackpoint>
          <Time>2026-09-29T11:08:15Z</Time>
          <DistanceMeters>3009.5</DistanceMeters>
          <Cadence>15</Cadence>
          <SensorState>Present</SensorState>
          <Extensions>
            <TPX xmlns="https://www.garmin.com/xmlschemas/ActivityExtension/v2">
              <Watts>77</Watts>
            </TPX>
          </Extensions>
        </Trackpoint>
        <Trackpoint>
          <Time>2026-09-29T11:08:20Z</Time>
          <DistanceMeters>3024.1</DistanceMeters>
          <Cadence>12</Cadence>
          <SensorState>Present</SensorState>
          <Extensions>
            <TPX xmlns="https://www.garmin.com/xmlschemas/ActivityExtension/v2">
              <Watts>68</Watts>
            </TPX>
          </Extensions>
        </Trackpoint>
        <Trackpoint>
          <Time>2026-09-29T11:08:23Z</Time>
          <DistanceMeters>3035.6</DistanceMeters>
          <Cadence>12</Cadence>
          <SensorState>Present</SensorState>
          <Extensions>
            <TPX xmlns="https://www.garmin.com/xmlschemas/ActivityExtension/v2">
              <Watts>68</Watts>
            </TPX>
          </Extensions>
        </Trackpoint>
        <Trackpoint>
          <Time>2026-09-29T11:08:28Z</Time>
          <DistanceMeters>3049</DistanceMeters>
          <Cadence>14</Cadence>
          <SensorState>Present</SensorState>
          <Extensions>
            <TPX xmlns="https://www.garmin.com/xmlschemas/ActivityExtension/v2">
              <Watts>86</Watts>
            </TPX>
          </Extensions>
        </Trackpoint>
        <Trackpoint>
          <Time>2026-09-29T11:08:32Z</Time>
          <DistanceMeters>3061.6</DistanceMeters>
          <Cadence>14</Cadence>
          <SensorState>Present</SensorState>
          <Extensions>
            <TPX xmlns="https://www.garmin.com/xmlschemas/ActivityExtension/v2">
              <Watts>86</Watts>
            </TPX>
          </Extensions>
        </Trackpoint>
        <Trackpoint>
          <Time>2026-09-29T11:08:37Z</Time>
          <DistanceMeters>3076.3</DistanceMeters>
          <Cadence>13</Cadence>
          <SensorState>Present</SensorState>
          <Extensions>
            <TPX xmlns="https://www.garmin.com/xmlschemas/ActivityExtension/v2">
              <Watts>80</Watts>
            </TPX>
          </Extensions>
        </Trackpoint>
        <Trackpoint>
          <Time>2026-09-29T11:08:41Z</Time>
          <DistanceMeters>3089.2</DistanceMeters>
          <Cadence>14</Cadence>
          <SensorState>Present</SensorState>
          <Extensions>
            <TPX xmlns="https://www.garmin.com/xmlschemas/ActivityExtension/v2">
              <Watts>77</Watts>
            </TPX>
          </Extensions>
        </Trackpoint>
        <Trackpoint>
          <Time>2026-09-29T11:08:46Z</Time>
          <DistanceMeters>3104.2</DistanceMeters>
          <Cadence>14</Cadence>
          <SensorState>Present</SensorState>
          <Extensions>
            <TPX xmlns="https://www.garmin.com/xmlschemas/ActivityExtension/v2">
              <Watts>77</Watts>
            </TPX>
          </Extensions>
        </Trackpoint>
        <Trackpoint>
          <Time>2026-09-29T11:08:52Z</Time>
          <DistanceMeters>3121.2</DistanceMeters>
          <Cadence>11</Cadence>
          <SensorState>Present</SensorState>
          <Extensions>
            <TPX xmlns="https://www.garmin.com/xmlschemas/ActivityExtension/v2">
              <Watts>70</Watts>
            </TPX>
          </Extensions>
        </Trackpoint>
        <Trackpoint>
          <Time>2026-09-29T11:08:56Z</Time>
          <DistanceMeters>3134.1</DistanceMeters>
          <Cadence>14</Cadence>
          <SensorState>Present</SensorState>
          <Extensions>
            <TPX xmlns="https://www.garmin.com/xmlschemas/ActivityExtension/v2">
              <Watts>77</Watts>
            </TPX>
          </Extensions>
        </Trackpoint>
        <Trackpoint>
          <Time>2026-09-29T11:09:01Z</Time>
          <DistanceMeters>3148.2</DistanceMeters>
          <Cadence>12</Cadence>
          <SensorState>Present</SensorState>
          <Extensions>
            <TPX xmlns="https://www.garmin.com/xmlschemas/ActivityExtension/v2">
              <Watts>72</Watts>
            </TPX>
          </Extensions>
        </Trackpoint>
        <Trackpoint>
          <Time>2026-09-29T11:09:06Z</Time>
          <DistanceMeters>3162.4</DistanceMeters>
          <Cadence>12</Cadence>
          <SensorState>Present</SensorState>
          <Extensions>
            <TPX xmlns="https://www.garmin.com/xmlschemas/ActivityExtension/v2">
              <Watts>72</Watts>
            </TPX>
          </Extensions>
        </Trackpoint>
        <Trackpoint>
          <Time>2026-09-29T11:09:09Z</Time>
          <DistanceMeters>3173.5</DistanceMeters>
          <Cadence>12</Cadence>
          <SensorState>Present</SensorState>
          <Extensions>
            <TPX xmlns="https://www.garmin.com/xmlschemas/ActivityExtension/v2">
              <Watts>65</Watts>
            </TPX>
          </Extensions>
        </Trackpoint>
        <Trackpoint>
          <Time>2026-09-29T11:09:14Z</Time>
          <DistanceMeters>3187.5</DistanceMeters>
          <Cadence>14</Cadence>
          <SensorState>Present</SensorState>
          <Extensions>
            <TPX xmlns="https://www.garmin.com/xmlschemas/ActivityExtension/v2">
              <Watts>83</Watts>
            </TPX>
          </Extensions>
        </Trackpoint>
        <Trackpoint>
          <Time>2026-09-29T11:09:18Z</Time>
          <DistanceMeters>3200</DistanceMeters>
          <Cadence>15</Cadence>
          <SensorState>Present</SensorState>
          <Extensions>
            <TPX xmlns="https://www.garmin.com/xmlschemas/ActivityExtension/v2">
              <Watts>84</Watts>
            </TPX>
          </Extensions>
        </Trackpoint>
        <Trackpoint>
          <Time>2026-09-29T11:09:22Z</Time>
          <DistanceMeters>3213.1</DistanceMeters>
          <Cadence>14</Cadence>
          <SensorState>Present</SensorState>
          <Extensions>
            <TPX xmlns="https://www.garmin.com/xmlschemas/ActivityExtension/v2">
              <Watts>79</Watts>
            </TPX>
          </Extensions>
        </Trackpoint>
        <Trackpoint>
          <Time>2026-09-29T11:09:26Z</Time>
          <DistanceMeters>3225.5</DistanceMeters>
          <Cadence>15</Cadence>
          <SensorState>Present</SensorState>
          <Extensions>
            <TPX xmlns="https://www.garmin.com/xmlschemas/ActivityExtension/v2">
              <Watts>81</Watts>
            </TPX>
          </Extensions>
        </Trackpoint>
        <Trackpoint>
          <Time>2026-09-29T11:09:32Z</Time>
          <DistanceMeters>3243.7</DistanceMeters>
          <Cadence>9</Cadence>
          <SensorState>Present</SensorState>
          <Extensions>
            <TPX xmlns="https://www.garmin.com/xmlschemas/ActivityExtension/v2">
              <Watts>69</Watts>
            </TPX>
          </Extensions>
        </Trackpoint>
        <Trackpoint>
          <Time>2026-09-29T11:09:37Z</Time>
          <DistanceMeters>3258.6</DistanceMeters>
          <Cadence>12</Cadence>
          <SensorState>Present</SensorState>
          <Extensions>
            <TPX xmlns="https://www.garmin.com/xmlschemas/ActivityExtension/v2">
              <Watts>71</Watts>
            </TPX>
          </Extensions>
        </Trackpoint>
        <Trackpoint>
          <Time>2026-09-29T11:09:41Z</Time>
          <DistanceMeters>3270.1</DistanceMeters>
          <Cadence>12</Cadence>
          <SensorState>Present</SensorState>
          <Extensions>
            <TPX xmlns="https://www.garmin.com/xmlschemas/ActivityExtension/v2">
              <Watts>71</Watts>
            </TPX>
          </Extensions>
        </Trackpoint>
        <Trackpoint>
          <Time>2026-09-29T11:09:45Z</Time>
          <DistanceMeters>3283.4</DistanceMeters>
          <Cadence>15</Cadence>
          <SensorState>Present</SensorState>
          <Extensions>
            <TPX xmlns="https://www.garmin.com/xmlschemas/ActivityExtension/v2">
              <Watts>82</Watts>
            </TPX>
          </Extensions>
        </Trackpoint>
        <Trackpoint>
          <Time>2026-09-29T11:09:49Z</Time>
          <DistanceMeters>3294.4</DistanceMeters>
          <Cadence>15</Cadence>
          <SensorState>Present</SensorState>
          <Extensions>
            <TPX xmlns="https://www.garmin.com/xmlschemas/ActivityExtension/v2">
              <Watts>82</Watts>
            </TPX>
          </Extensions>
        </Trackpoint>
        <Trackpoint>
          <Time>2026-09-29T11:09:53Z</Time>
          <DistanceMeters>3307.3</DistanceMeters>
          <Cadence>16</Cadence>
          <SensorState>Present</SensorState>
          <Extensions>
            <TPX xmlns="https://www.garmin.com/xmlschemas/ActivityExtension/v2">
              <Watts>92</Watts>
            </TPX>
          </Extensions>
        </Trackpoint>
        <Trackpoint>
          <Time>2026-09-29T11:09:57Z</Time>
          <DistanceMeters>3319.5</DistanceMeters>
          <Cadence>16</Cadence>
          <SensorState>Present</SensorState>
          <Extensions>
            <TPX xmlns="https://www.garmin.com/xmlschemas/ActivityExtension/v2">
              <Watts>92</Watts>
            </TPX>
          </Extensions>
        </Trackpoint>
        <Trackpoint>
          <Time>2026-09-29T11:10:01Z</Time>
          <DistanceMeters>3332.8</DistanceMeters>
          <Cadence>16</Cadence>
          <SensorState>Present</SensorState>
          <Extensions>
            <TPX xmlns="https://www.garmin.com/xmlschemas/ActivityExtension/v2">
              <Watts>92</Watts>
            </TPX>
          </Extensions>
        </Trackpoint>
        <Trackpoint>
          <Time>2026-09-29T11:10:06Z</Time>
          <DistanceMeters>3348.1</DistanceMeters>
          <Cadence>12</Cadence>
          <SensorState>Present</SensorState>
          <Extensions>
            <TPX xmlns="https://www.garmin.com/xmlschemas/ActivityExtension/v2">
              <Watts>79</Watts>
            </TPX>
          </Extensions>
        </Trackpoint>
        <Trackpoint>
          <Time>2026-09-29T11:10:10Z</Time>
          <DistanceMeters>3359.6</DistanceMeters>
          <Cadence>12</Cadence>
          <SensorState>Present</SensorState>
          <Extensions>
            <TPX xmlns="https://www.garmin.com/xmlschemas/ActivityExtension/v2">
              <Watts>79</Watts>
            </TPX>
          </Extensions>
        </Trackpoint>
        <Trackpoint>
          <Time>2026-09-29T11:10:14Z</Time>
          <DistanceMeters>3374.2</DistanceMeters>
          <Cadence>13</Cadence>
          <SensorState>Present</SensorState>
          <Extensions>
            <TPX xmlns="https://www.garmin.com/xmlschemas/ActivityExtension/v2">
              <Watts>78</Watts>
            </TPX>
          </Extensions>
        </Trackpoint>
        <Trackpoint>
          <Time>2026-09-29T11:10:20Z</Time>
          <DistanceMeters>3389.4</DistanceMeters>
          <Cadence>13</Cadence>
          <SensorState>Present</SensorState>
          <Extensions>
            <TPX xmlns="https://www.garmin.com/xmlschemas/ActivityExtension/v2">
              <Watts>78</Watts>
            </TPX>
          </Extensions>
        </Trackpoint>
        <Trackpoint>
          <Time>2026-09-29T11:10:24Z</Time>
          <DistanceMeters>3402.7</DistanceMeters>
          <Cadence>15</Cadence>
          <SensorState>Present</SensorState>
          <Extensions>
            <TPX xmlns="https://www.garmin.com/xmlschemas/ActivityExtension/v2">
              <Watts>84</Watts>
            </TPX>
          </Extensions>
        </Trackpoint>
        <Trackpoint>
          <Time>2026-09-29T11:10:28Z</Time>
          <DistanceMeters>3415.6</DistanceMeters>
          <Cadence>15</Cadence>
          <SensorState>Present</SensorState>
          <Extensions>
            <TPX xmlns="https://www.garmin.com/xmlschemas/ActivityExtension/v2">
              <Watts>84</Watts>
            </TPX>
          </Extensions>
        </Trackpoint>
        <Trackpoint>
          <Time>2026-09-29T11:10:32Z</Time>
          <DistanceMeters>3428.5</DistanceMeters>
          <Cadence>14</Cadence>
          <SensorState>Present</SensorState>
          <Extensions>
            <TPX xmlns="https://www.garmin.com/xmlschemas/ActivityExtension/v2">
              <Watts>91</Watts>
            </TPX>
          </Extensions>
        </Trackpoint>
        <Trackpoint>
          <Time>2026-09-29T11:10:36Z</Time>
          <DistanceMeters>3442.3</DistanceMeters>
          <Cadence>14</Cadence>
          <SensorState>Present</SensorState>
          <Extensions>
            <TPX xmlns="https://www.garmin.com/xmlschemas/ActivityExtension/v2">
              <Watts>92</Watts>
            </TPX>
          </Extensions>
        </Trackpoint>
        <Trackpoint>
          <Time>2026-09-29T11:10:41Z</Time>
          <DistanceMeters>3456.3</DistanceMeters>
          <Cadence>13</Cadence>
          <SensorState>Present</SensorState>
          <Extensions>
            <TPX xmlns="https://www.garmin.com/xmlschemas/ActivityExtension/v2">
              <Watts>82</Watts>
            </TPX>
          </Extensions>
        </Trackpoint>
        <Trackpoint>
          <Time>2026-09-29T11:10:45Z</Time>
          <DistanceMeters>3468.7</DistanceMeters>
          <Cadence>15</Cadence>
          <SensorState>Present</SensorState>
          <Extensions>
            <TPX xmlns="https://www.garmin.com/xmlschemas/ActivityExtension/v2">
              <Watts>82</Watts>
            </TPX>
          </Extensions>
        </Trackpoint>
        <Trackpoint>
          <Time>2026-09-29T11:10:49Z</Time>
          <DistanceMeters>3481.3</DistanceMeters>
          <Cadence>15</Cadence>
          <SensorState>Present</SensorState>
          <Extensions>
            <TPX xmlns="https://www.garmin.com/xmlschemas/ActivityExtension/v2">
              <Watts>85</Watts>
            </TPX>
          </Extensions>
        </Trackpoint>
        <Trackpoint>
          <Time>2026-09-29T11:10:53Z</Time>
          <DistanceMeters>3494.7</DistanceMeters>
          <Cadence>15</Cadence>
          <SensorState>Present</SensorState>
          <Extensions>
            <TPX xmlns="https://www.garmin.com/xmlschemas/ActivityExtension/v2">
              <Watts>85</Watts>
            </TPX>
          </Extensions>
        </Trackpoint>
        <Trackpoint>
          <Time>2026-09-29T11:10:58Z</Time>
          <DistanceMeters>3508.9</DistanceMeters>
          <Cadence>14</Cadence>
          <SensorState>Present</SensorState>
          <Extensions>
            <TPX xmlns="https://www.garmin.com/xmlschemas/ActivityExtension/v2">
              <Watts>88</Watts>
            </TPX>
          </Extensions>
        </Trackpoint>
        <Trackpoint>
          <Time>2026-09-29T11:11:02Z</Time>
          <DistanceMeters>3522.6</DistanceMeters>
          <Cadence>14</Cadence>
          <SensorState>Present</SensorState>
          <Extensions>
            <TPX xmlns="https://www.garmin.com/xmlschemas/ActivityExtension/v2">
              <Watts>91</Watts>
            </TPX>
          </Extensions>
        </Trackpoint>
        <Trackpoint>
          <Time>2026-09-29T11:11:06Z</Time>
          <DistanceMeters>3536.2</DistanceMeters>
          <Cadence>14</Cadence>
          <SensorState>Present</SensorState>
          <Extensions>
            <TPX xmlns="https://www.garmin.com/xmlschemas/ActivityExtension/v2">
              <Watts>91</Watts>
            </TPX>
          </Extensions>
        </Trackpoint>
        <Trackpoint>
          <Time>2026-09-29T11:11:11Z</Time>
          <DistanceMeters>3551.5</DistanceMeters>
          <Cadence>13</Cadence>
          <SensorState>Present</SensorState>
          <Extensions>
            <TPX xmlns="https://www.garmin.com/xmlschemas/ActivityExtension/v2">
              <Watts>90</Watts>
            </TPX>
          </Extensions>
        </Trackpoint>
        <Trackpoint>
          <Time>2026-09-29T11:11:15Z</Time>
          <DistanceMeters>3565.7</DistanceMeters>
          <Cadence>13</Cadence>
          <SensorState>Present</SensorState>
          <Extensions>
            <TPX xmlns="https://www.garmin.com/xmlschemas/ActivityExtension/v2">
              <Watts>86</Watts>
            </TPX>
          </Extensions>
        </Trackpoint>
        <Trackpoint>
          <Time>2026-09-29T11:11:19Z</Time>
          <DistanceMeters>3578.3</DistanceMeters>
          <Cadence>15</Cadence>
          <SensorState>Present</SensorState>
          <Extensions>
            <TPX xmlns="https://www.garmin.com/xmlschemas/ActivityExtension/v2">
              <Watts>87</Watts>
            </TPX>
          </Extensions>
        </Trackpoint>
        <Trackpoint>
          <Time>2026-09-29T11:11:23Z</Time>
          <DistanceMeters>3591.2</DistanceMeters>
          <Cadence>15</Cadence>
          <SensorState>Present</SensorState>
          <Extensions>
            <TPX xmlns="https://www.garmin.com/xmlschemas/ActivityExtension/v2">
              <Watts>87</Watts>
            </TPX>
          </Extensions>
        </Trackpoint>
        <Trackpoint>
          <Time>2026-09-29T11:11:28Z</Time>
          <DistanceMeters>3605.2</DistanceMeters>
          <Cadence>14</Cadence>
          <SensorState>Present</SensorState>
          <Extensions>
            <TPX xmlns="https://www.garmin.com/xmlschemas/ActivityExtension/v2">
              <Watts>91</Watts>
            </TPX>
          </Extensions>
        </Trackpoint>
        <Trackpoint>
          <Time>2026-09-29T11:11:33Z</Time>
          <DistanceMeters>3619.7</DistanceMeters>
          <Cadence>13</Cadence>
          <SensorState>Present</SensorState>
          <Extensions>
            <TPX xmlns="https://www.garmin.com/xmlschemas/ActivityExtension/v2">
              <Watts>77</Watts>
            </TPX>
          </Extensions>
        </Trackpoint>
        <Trackpoint>
          <Time>2026-09-29T11:11:37Z</Time>
          <DistanceMeters>3633.6</DistanceMeters>
          <Cadence>13</Cadence>
          <SensorState>Present</SensorState>
          <Extensions>
            <TPX xmlns="https://www.garmin.com/xmlschemas/ActivityExtension/v2">
              <Watts>83</Watts>
            </TPX>
          </Extensions>
        </Trackpoint>
        <Trackpoint>
          <Time>2026-09-29T11:11:42Z</Time>
          <DistanceMeters>3648.3</DistanceMeters>
          <Cadence>13</Cadence>
          <SensorState>Present</SensorState>
          <Extensions>
            <TPX xmlns="https://www.garmin.com/xmlschemas/ActivityExtension/v2">
              <Watts>83</Watts>
            </TPX>
          </Extensions>
        </Trackpoint>
        <Trackpoint>
          <Time>2026-09-29T11:11:47Z</Time>
          <DistanceMeters>3664.3</DistanceMeters>
          <Cadence>12</Cadence>
          <SensorState>Present</SensorState>
          <Extensions>
            <TPX xmlns="https://www.garmin.com/xmlschemas/ActivityExtension/v2">
              <Watts>81</Watts>
            </TPX>
          </Extensions>
        </Trackpoint>
        <Trackpoint>
          <Time>2026-09-29T11:11:52Z</Time>
          <DistanceMeters>3678.4</DistanceMeters>
          <Cadence>11</Cadence>
          <SensorState>Present</SensorState>
          <Extensions>
            <TPX xmlns="https://www.garmin.com/xmlschemas/ActivityExtension/v2">
              <Watts>78</Watts>
            </TPX>
          </Extensions>
        </Trackpoint>
        <Trackpoint>
          <Time>2026-09-29T11:11:57Z</Time>
          <DistanceMeters>3695.1</DistanceMeters>
          <Cadence>13</Cadence>
          <SensorState>Present</SensorState>
          <Extensions>
            <TPX xmlns="https://www.garmin.com/xmlschemas/ActivityExtension/v2">
              <Watts>84</Watts>
            </TPX>
          </Extensions>
        </Trackpoint>
        <Trackpoint>
          <Time>2026-09-29T11:12:03Z</Time>
          <DistanceMeters>3711.4</DistanceMeters>
          <Cadence>11</Cadence>
          <SensorState>Present</SensorState>
          <Extensions>
            <TPX xmlns="https://www.garmin.com/xmlschemas/ActivityExtension/v2">
              <Watts>77</Watts>
            </TPX>
          </Extensions>
        </Trackpoint>
        <Trackpoint>
          <Time>2026-09-29T11:12:08Z</Time>
          <DistanceMeters>3726.2</DistanceMeters>
          <Cadence>10</Cadence>
          <SensorState>Present</SensorState>
          <Extensions>
            <TPX xmlns="https://www.garmin.com/xmlschemas/ActivityExtension/v2">
              <Watts>63</Watts>
            </TPX>
          </Extensions>
        </Trackpoint>
        <Trackpoint>
          <Time>2026-09-29T11:12:13Z</Time>
          <DistanceMeters>3741.4</DistanceMeters>
          <Cadence>12</Cadence>
          <SensorState>Present</SensorState>
          <Extensions>
            <TPX xmlns="https://www.garmin.com/xmlschemas/ActivityExtension/v2">
              <Watts>71</Watts>
            </TPX>
          </Extensions>
        </Trackpoint>
        <Trackpoint>
          <Time>2026-09-29T11:12:18Z</Time>
          <DistanceMeters>3755.1</DistanceMeters>
          <Cadence>13</Cadence>
          <SensorState>Present</SensorState>
          <Extensions>
            <TPX xmlns="https://www.garmin.com/xmlschemas/ActivityExtension/v2">
              <Watts>77</Watts>
            </TPX>
          </Extensions>
        </Trackpoint>
        <Trackpoint>
          <Time>2026-09-29T11:12:23Z</Time>
          <DistanceMeters>3769.6</DistanceMeters>
          <Cadence>13</Cadence>
          <SensorState>Present</SensorState>
          <Extensions>
            <TPX xmlns="https://www.garmin.com/xmlschemas/ActivityExtension/v2">
              <Watts>78</Watts>
            </TPX>
          </Extensions>
        </Trackpoint>
        <Trackpoint>
          <Time>2026-09-29T11:12:28Z</Time>
          <DistanceMeters>3784.6</DistanceMeters>
          <Cadence>13</Cadence>
          <SensorState>Present</SensorState>
          <Extensions>
            <TPX xmlns="https://www.garmin.com/xmlschemas/ActivityExtension/v2">
              <Watts>78</Watts>
            </TPX>
          </Extensions>
        </Trackpoint>
        <Trackpoint>
          <Time>2026-09-29T11:12:32Z</Time>
          <DistanceMeters>3799.3</DistanceMeters>
          <Cadence>13</Cadence>
          <SensorState>Present</SensorState>
          <Extensions>
            <TPX xmlns="https://www.garmin.com/xmlschemas/ActivityExtension/v2">
              <Watts>82</Watts>
            </TPX>
          </Extensions>
        </Trackpoint>
        <Trackpoint>
          <Time>2026-09-29T11:12:37Z</Time>
          <DistanceMeters>3812.7</DistanceMeters>
          <Cadence>14</Cadence>
          <SensorState>Present</SensorState>
          <Extensions>
            <TPX xmlns="https://www.garmin.com/xmlschemas/ActivityExtension/v2">
              <Watts>87</Watts>
            </TPX>
          </Extensions>
        </Trackpoint>
        <Trackpoint>
          <Time>2026-09-29T11:12:42Z</Time>
          <DistanceMeters>3827.9</DistanceMeters>
          <Cadence>12</Cadence>
          <SensorState>Present</SensorState>
          <Extensions>
            <TPX xmlns="https://www.garmin.com/xmlschemas/ActivityExtension/v2">
              <Watts>76</Watts>
            </TPX>
          </Extensions>
        </Trackpoint>
        <Trackpoint>
          <Time>2026-09-29T11:12:46Z</Time>
          <DistanceMeters>3841.7</DistanceMeters>
          <Cadence>12</Cadence>
          <SensorState>Present</SensorState>
          <Extensions>
            <TPX xmlns="https://www.garmin.com/xmlschemas/ActivityExtension/v2">
              <Watts>76</Watts>
            </TPX>
          </Extensions>
        </Trackpoint>
        <Trackpoint>
          <Time>2026-09-29T11:12:51Z</Time>
          <DistanceMeters>3855.6</DistanceMeters>
          <Cadence>12</Cadence>
          <SensorState>Present</SensorState>
          <Extensions>
            <TPX xmlns="https://www.garmin.com/xmlschemas/ActivityExtension/v2">
              <Watts>69</Watts>
            </TPX>
          </Extensions>
        </Trackpoint>
        <Trackpoint>
          <Time>2026-09-29T11:12:57Z</Time>
          <DistanceMeters>3872.3</DistanceMeters>
          <Cadence>10</Cadence>
          <SensorState>Present</SensorState>
          <Extensions>
            <TPX xmlns="https://www.garmin.com/xmlschemas/ActivityExtension/v2">
              <Watts>68</Watts>
            </TPX>
          </Extensions>
        </Trackpoint>
        <Trackpoint>
          <Time>2026-09-29T11:13:02Z</Time>
          <DistanceMeters>3887.8</DistanceMeters>
          <Cadence>11</Cadence>
          <SensorState>Present</SensorState>
          <Extensions>
            <TPX xmlns="https://www.garmin.com/xmlschemas/ActivityExtension/v2">
              <Watts>71</Watts>
            </TPX>
          </Extensions>
        </Trackpoint>
        <Trackpoint>
          <Time>2026-09-29T11:13:06Z</Time>
          <DistanceMeters>3900.9</DistanceMeters>
          <Cadence>14</Cadence>
          <SensorState>Present</SensorState>
          <Extensions>
            <TPX xmlns="https://www.garmin.com/xmlschemas/ActivityExtension/v2">
              <Watts>79</Watts>
            </TPX>
          </Extensions>
        </Trackpoint>
        <Trackpoint>
          <Time>2026-09-29T11:13:11Z</Time>
          <DistanceMeters>3914.9</DistanceMeters>
          <Cadence>14</Cadence>
          <SensorState>Present</SensorState>
          <Extensions>
            <TPX xmlns="https://www.garmin.com/xmlschemas/ActivityExtension/v2">
              <Watts>79</Watts>
            </TPX>
          </Extensions>
        </Trackpoint>
        <Trackpoint>
          <Time>2026-09-29T11:13:15Z</Time>
          <DistanceMeters>3928.9</DistanceMeters>
          <Cadence>14</Cadence>
          <SensorState>Present</SensorState>
          <Extensions>
            <TPX xmlns="https://www.garmin.com/xmlschemas/ActivityExtension/v2">
              <Watts>81</Watts>
            </TPX>
          </Extensions>
        </Trackpoint>
        <Trackpoint>
          <Time>2026-09-29T11:13:19Z</Time>
          <DistanceMeters>3940.8</DistanceMeters>
          <Cadence>14</Cadence>
          <SensorState>Present</SensorState>
          <Extensions>
            <TPX xmlns="https://www.garmin.com/xmlschemas/ActivityExtension/v2">
              <Watts>81</Watts>
            </TPX>
          </Extensions>
        </Trackpoint>
        <Trackpoint>
          <Time>2026-09-29T11:13:23Z</Time>
          <DistanceMeters>3954.2</DistanceMeters>
          <Cadence>15</Cadence>
          <SensorState>Present</SensorState>
          <Extensions>
            <TPX xmlns="https://www.garmin.com/xmlschemas/ActivityExtension/v2">
              <Watts>89</Watts>
            </TPX>
          </Extensions>
        </Trackpoint>
        <Trackpoint>
          <Time>2026-09-29T11:13:29Z</Time>
          <DistanceMeters>3970.2</DistanceMeters>
          <Cadence>12</Cadence>
          <SensorState>Present</SensorState>
          <Extensions>
            <TPX xmlns="https://www.garmin.com/xmlschemas/ActivityExtension/v2">
              <Watts>77</Watts>
            </TPX>
          </Extensions>
        </Trackpoint>
        <Trackpoint>
          <Time>2026-09-29T11:13:33Z</Time>
          <DistanceMeters>3984.6</DistanceMeters>
          <Cadence>12</Cadence>
          <SensorState>Present</SensorState>
          <Extensions>
            <TPX xmlns="https://www.garmin.com/xmlschemas/ActivityExtension/v2">
              <Watts>77</Watts>
            </TPX>
          </Extensions>
        </Trackpoint>
        <Trackpoint>
          <Time>2026-09-29T11:13:39Z</Time>
          <DistanceMeters>4000.7</DistanceMeters>
          <Cadence>12</Cadence>
          <SensorState>Present</SensorState>
          <Extensions>
            <TPX xmlns="https://www.garmin.com/xmlschemas/ActivityExtension/v2">
              <Watts>77</Watts>
            </TPX>
          </Extensions>
        </Trackpoint>
        <Trackpoint>
          <Time>2026-09-29T11:13:45Z</Time>
          <DistanceMeters>4017.9</DistanceMeters>
          <Cadence>10</Cadence>
          <SensorState>Present</SensorState>
          <Extensions>
            <TPX xmlns="https://www.garmin.com/xmlschemas/ActivityExtension/v2">
              <Watts>65</Watts>
            </TPX>
          </Extensions>
        </Trackpoint>
        <Trackpoint>
          <Time>2026-09-29T11:13:49Z</Time>
          <DistanceMeters>4030.9</DistanceMeters>
          <Cadence>14</Cadence>
          <SensorState>Present</SensorState>
          <Extensions>
            <TPX xmlns="https://www.garmin.com/xmlschemas/ActivityExtension/v2">
              <Watts>78</Watts>
            </TPX>
          </Extensions>
        </Trackpoint>
        <Trackpoint>
          <Time>2026-09-29T11:13:54Z</Time>
          <DistanceMeters>4045.9</DistanceMeters>
          <Cadence>13</Cadence>
          <SensorState>Present</SensorState>
          <Extensions>
            <TPX xmlns="https://www.garmin.com/xmlschemas/ActivityExtension/v2">
              <Watts>88</Watts>
            </TPX>
          </Extensions>
        </Trackpoint>
        <Trackpoint>
          <Time>2026-09-29T11:13:59Z</Time>
          <DistanceMeters>4061.9</DistanceMeters>
          <Cadence>11</Cadence>
          <SensorState>Present</SensorState>
          <Extensions>
            <TPX xmlns="https://www.garmin.com/xmlschemas/ActivityExtension/v2">
              <Watts>78</Watts>
            </TPX>
          </Extensions>
        </Trackpoint>
        <Trackpoint>
          <Time>2026-09-29T11:14:03Z</Time>
          <DistanceMeters>4075</DistanceMeters>
          <Cadence>14</Cadence>
          <SensorState>Present</SensorState>
          <Extensions>
            <TPX xmlns="https://www.garmin.com/xmlschemas/ActivityExtension/v2">
              <Watts>80</Watts>
            </TPX>
          </Extensions>
        </Trackpoint>
        <Trackpoint>
          <Time>2026-09-29T11:14:08Z</Time>
          <DistanceMeters>4089.3</DistanceMeters>
          <Cadence>14</Cadence>
          <SensorState>Present</SensorState>
          <Extensions>
            <TPX xmlns="https://www.garmin.com/xmlschemas/ActivityExtension/v2">
              <Watts>86</Watts>
            </TPX>
          </Extensions>
        </Trackpoint>
        <Trackpoint>
          <Time>2026-09-29T11:14:13Z</Time>
          <DistanceMeters>4105.1</DistanceMeters>
          <Cadence>14</Cadence>
          <SensorState>Present</SensorState>
          <Extensions>
            <TPX xmlns="https://www.garmin.com/xmlschemas/ActivityExtension/v2">
              <Watts>86</Watts>
            </TPX>
          </Extensions>
        </Trackpoint>
        <Trackpoint>
          <Time>2026-09-29T11:14:17Z</Time>
          <DistanceMeters>4118.3</DistanceMeters>
          <Cadence>14</Cadence>
          <SensorState>Present</SensorState>
          <Extensions>
            <TPX xmlns="https://www.garmin.com/xmlschemas/ActivityExtension/v2">
              <Watts>81</Watts>
            </TPX>
          </Extensions>
        </Trackpoint>
        <Trackpoint>
          <Time>2026-09-29T11:14:22Z</Time>
          <DistanceMeters>4132.8</DistanceMeters>
          <Cadence>13</Cadence>
          <SensorState>Present</SensorState>
          <Extensions>
            <TPX xmlns="https://www.garmin.com/xmlschemas/ActivityExtension/v2">
              <Watts>78</Watts>
            </TPX>
          </Extensions>
        </Trackpoint>
        <Trackpoint>
          <Time>2026-09-29T11:14:27Z</Time>
          <DistanceMeters>4146.3</DistanceMeters>
          <Cadence>13</Cadence>
          <SensorState>Present</SensorState>
          <Extensions>
            <TPX xmlns="https://www.garmin.com/xmlschemas/ActivityExtension/v2">
              <Watts>78</Watts>
            </TPX>
          </Extensions>
        </Trackpoint>
        <Trackpoint>
          <Time>2026-09-29T11:14:31Z</Time>
          <DistanceMeters>4159.1</DistanceMeters>
          <Cadence>16</Cadence>
          <SensorState>Present</SensorState>
          <Extensions>
            <TPX xmlns="https://www.garmin.com/xmlschemas/ActivityExtension/v2">
              <Watts>87</Watts>
            </TPX>
          </Extensions>
        </Trackpoint>
        <Trackpoint>
          <Time>2026-09-29T11:14:35Z</Time>
          <DistanceMeters>4172.4</DistanceMeters>
          <Cadence>14</Cadence>
          <SensorState>Present</SensorState>
          <Extensions>
            <TPX xmlns="https://www.garmin.com/xmlschemas/ActivityExtension/v2">
              <Watts>85</Watts>
            </TPX>
          </Extensions>
        </Trackpoint>
        <Trackpoint>
          <Time>2026-09-29T11:14:39Z</Time>
          <DistanceMeters>4185.3</DistanceMeters>
          <Cadence>15</Cadence>
          <SensorState>Present</SensorState>
          <Extensions>
            <TPX xmlns="https://www.garmin.com/xmlschemas/ActivityExtension/v2">
              <Watts>91</Watts>
            </TPX>
          </Extensions>
        </Trackpoint>
        <Trackpoint>
          <Time>2026-09-29T11:14:43Z</Time>
          <DistanceMeters>4198</DistanceMeters>
          <Cadence>15</Cadence>
          <SensorState>Present</SensorState>
          <Extensions>
            <TPX xmlns="https://www.garmin.com/xmlschemas/ActivityExtension/v2">
              <Watts>91</Watts>
            </TPX>
          </Extensions>
        </Trackpoint>
        <Trackpoint>
          <Time>2026-09-29T11:14:47Z</Time>
          <DistanceMeters>4210.9</DistanceMeters>
          <Cadence>15</Cadence>
          <SensorState>Present</SensorState>
          <Extensions>
            <TPX xmlns="https://www.garmin.com/xmlschemas/ActivityExtension/v2">
              <Watts>91</Watts>
            </TPX>
          </Extensions>
        </Trackpoint>
        <Trackpoint>
          <Time>2026-09-29T11:14:51Z</Time>
          <DistanceMeters>4224.9</DistanceMeters>
          <Cadence>13</Cadence>
          <SensorState>Present</SensorState>
          <Extensions>
            <TPX xmlns="https://www.garmin.com/xmlschemas/ActivityExtension/v2">
              <Watts>84</Watts>
            </TPX>
          </Extensions>
        </Trackpoint>
        <Trackpoint>
          <Time>2026-09-29T11:14:56Z</Time>
          <DistanceMeters>4238.5</DistanceMeters>
          <Cadence>13</Cadence>
          <SensorState>Present</SensorState>
          <Extensions>
            <TPX xmlns="https://www.garmin.com/xmlschemas/ActivityExtension/v2">
              <Watts>77</Watts>
            </TPX>
          </Extensions>
        </Trackpoint>
        <Trackpoint>
          <Time>2026-09-29T11:15:01Z</Time>
          <DistanceMeters>4253.7</DistanceMeters>
          <Cadence>13</Cadence>
          <SensorState>Present</SensorState>
          <Extensions>
            <TPX xmlns="https://www.garmin.com/xmlschemas/ActivityExtension/v2">
              <Watts>77</Watts>
            </TPX>
          </Extensions>
        </Trackpoint>
        <Trackpoint>
          <Time>2026-09-29T11:15:06Z</Time>
          <DistanceMeters>4266.6</DistanceMeters>
          <Cadence>11</Cadence>
          <SensorState>Present</SensorState>
          <Extensions>
            <TPX xmlns="https://www.garmin.com/xmlschemas/ActivityExtension/v2">
              <Watts>67</Watts>
            </TPX>
          </Extensions>
        </Trackpoint>
        <Trackpoint>
          <Time>2026-09-29T11:15:11Z</Time>
          <DistanceMeters>4281.7</DistanceMeters>
          <Cadence>12</Cadence>
          <SensorState>Present</SensorState>
          <Extensions>
            <TPX xmlns="https://www.garmin.com/xmlschemas/ActivityExtension/v2">
              <Watts>65</Watts>
            </TPX>
          </Extensions>
        </Trackpoint>
        <Trackpoint>
          <Time>2026-09-29T11:15:15Z</Time>
          <DistanceMeters>4294.9</DistanceMeters>
          <Cadence>14</Cadence>
          <SensorState>Present</SensorState>
          <Extensions>
            <TPX xmlns="https://www.garmin.com/xmlschemas/ActivityExtension/v2">
              <Watts>83</Watts>
            </TPX>
          </Extensions>
        </Trackpoint>
        <Trackpoint>
          <Time>2026-09-29T11:15:19Z</Time>
          <DistanceMeters>4307.1</DistanceMeters>
          <Cadence>15</Cadence>
          <SensorState>Present</SensorState>
          <Extensions>
            <TPX xmlns="https://www.garmin.com/xmlschemas/ActivityExtension/v2">
              <Watts>80</Watts>
            </TPX>
          </Extensions>
        </Trackpoint>
        <Trackpoint>
          <Time>2026-09-29T11:15:23Z</Time>
          <DistanceMeters>4319.6</DistanceMeters>
          <Cadence>15</Cadence>
          <SensorState>Present</SensorState>
          <Extensions>
            <TPX xmlns="https://www.garmin.com/xmlschemas/ActivityExtension/v2">
              <Watts>80</Watts>
            </TPX>
          </Extensions>
        </Trackpoint>
        <Trackpoint>
          <Time>2026-09-29T11:15:27Z</Time>
          <DistanceMeters>4332.4</DistanceMeters>
          <Cadence>15</Cadence>
          <SensorState>Present</SensorState>
          <Extensions>
            <TPX xmlns="https://www.garmin.com/xmlschemas/ActivityExtension/v2">
              <Watts>87</Watts>
            </TPX>
          </Extensions>
        </Trackpoint>
        <Trackpoint>
          <Time>2026-09-29T11:15:31Z</Time>
          <DistanceMeters>4345.7</DistanceMeters>
          <Cadence>14</Cadence>
          <SensorState>Present</SensorState>
          <Extensions>
            <TPX xmlns="https://www.garmin.com/xmlschemas/ActivityExtension/v2">
              <Watts>85</Watts>
            </TPX>
          </Extensions>
        </Trackpoint>
        <Trackpoint>
          <Time>2026-09-29T11:15:36Z</Time>
          <DistanceMeters>4359.5</DistanceMeters>
          <Cadence>14</Cadence>
          <SensorState>Present</SensorState>
          <Extensions>
            <TPX xmlns="https://www.garmin.com/xmlschemas/ActivityExtension/v2">
              <Watts>78</Watts>
            </TPX>
          </Extensions>
        </Trackpoint>
        <Trackpoint>
          <Time>2026-09-29T11:15:40Z</Time>
          <DistanceMeters>4372.6</DistanceMeters>
          <Cadence>14</Cadence>
          <SensorState>Present</SensorState>
          <Extensions>
            <TPX xmlns="https://www.garmin.com/xmlschemas/ActivityExtension/v2">
              <Watts>79</Watts>
            </TPX>
          </Extensions>
        </Trackpoint>
        <Trackpoint>
          <Time>2026-09-29T11:15:45Z</Time>
          <DistanceMeters>4385.2</DistanceMeters>
          <Cadence>14</Cadence>
          <SensorState>Present</SensorState>
          <Extensions>
            <TPX xmlns="https://www.garmin.com/xmlschemas/ActivityExtension/v2">
              <Watts>73</Watts>
            </TPX>
          </Extensions>
        </Trackpoint>
        <Trackpoint>
          <Time>2026-09-29T11:15:50Z</Time>
          <DistanceMeters>4399.9</DistanceMeters>
          <Cadence>12</Cadence>
          <SensorState>Present</SensorState>
          <Extensions>
            <TPX xmlns="https://www.garmin.com/xmlschemas/ActivityExtension/v2">
              <Watts>70</Watts>
            </TPX>
          </Extensions>
        </Trackpoint>
        <Trackpoint>
          <Time>2026-09-29T11:15:54Z</Time>
          <DistanceMeters>4412.6</DistanceMeters>
          <Cadence>15</Cadence>
          <SensorState>Present</SensorState>
          <Extensions>
            <TPX xmlns="https://www.garmin.com/xmlschemas/ActivityExtension/v2">
              <Watts>87</Watts>
            </TPX>
          </Extensions>
        </Trackpoint>
        <Trackpoint>
          <Time>2026-09-29T11:15:58Z</Time>
          <DistanceMeters>4426.7</DistanceMeters>
          <Cadence>15</Cadence>
          <SensorState>Present</SensorState>
          <Extensions>
            <TPX xmlns="https://www.garmin.com/xmlschemas/ActivityExtension/v2">
              <Watts>87</Watts>
            </TPX>
          </Extensions>
        </Trackpoint>
        <Trackpoint>
          <Time>2026-09-29T11:16:06Z</Time>
          <DistanceMeters>4446.3</DistanceMeters>
          <Cadence>80</Cadence>
          <SensorState>Present</SensorState>
          <Extensions>
            <TPX xmlns="https://www.garmin.com/xmlschemas/ActivityExtension/v2">
              <Watts>71</Watts>
            </TPX>
          </Extensions>
        </Trackpoint>
        <Trackpoint>
          <Time>2026-09-29T11:16:09Z</Time>
          <DistanceMeters>4456.7</DistanceMeters>
          <Cadence>18</Cadence>
          <SensorState>Present</SensorState>
          <Extensions>
            <TPX xmlns="https://www.garmin.com/xmlschemas/ActivityExtension/v2">
              <Watts>89</Watts>
            </TPX>
          </Extensions>
        </Trackpoint>
        <Trackpoint>
          <Time>2026-09-29T11:16:13Z</Time>
          <DistanceMeters>4469.7</DistanceMeters>
          <Cadence>15</Cadence>
          <SensorState>Present</SensorState>
          <Extensions>
            <TPX xmlns="https://www.garmin.com/xmlschemas/ActivityExtension/v2">
              <Watts>95</Watts>
            </TPX>
          </Extensions>
        </Trackpoint>
        <Trackpoint>
          <Time>2026-09-29T11:16:17Z</Time>
          <DistanceMeters>4482.5</DistanceMeters>
          <Cadence>15</Cadence>
          <SensorState>Present</SensorState>
          <Extensions>
            <TPX xmlns="https://www.garmin.com/xmlschemas/ActivityExtension/v2">
              <Watts>89</Watts>
            </TPX>
          </Extensions>
        </Trackpoint>
        <Trackpoint>
          <Time>2026-09-29T11:16:21Z</Time>
          <DistanceMeters>4496</DistanceMeters>
          <Cadence>15</Cadence>
          <SensorState>Present</SensorState>
          <Extensions>
            <TPX xmlns="https://www.garmin.com/xmlschemas/ActivityExtension/v2">
              <Watts>105</Watts>
            </TPX>
          </Extensions>
        </Trackpoint>
        <Trackpoint>
          <Time>2026-09-29T11:16:25Z</Time>
          <DistanceMeters>4507.9</DistanceMeters>
          <Cadence>17</Cadence>
          <SensorState>Present</SensorState>
          <Extensions>
            <TPX xmlns="https://www.garmin.com/xmlschemas/ActivityExtension/v2">
              <Watts>110</Watts>
            </TPX>
          </Extensions>
        </Trackpoint>
        <Trackpoint>
          <Time>2026-09-29T11:16:29Z</Time>
          <DistanceMeters>4521.3</DistanceMeters>
          <Cadence>15</Cadence>
          <SensorState>Present</SensorState>
          <Extensions>
            <TPX xmlns="https://www.garmin.com/xmlschemas/ActivityExtension/v2">
              <Watts>103</Watts>
            </TPX>
          </Extensions>
        </Trackpoint>
        <Trackpoint>
          <Time>2026-09-29T11:16:34Z</Time>
          <DistanceMeters>4535.8</DistanceMeters>
          <Cadence>13</Cadence>
          <SensorState>Present</SensorState>
          <Extensions>
            <TPX xmlns="https://www.garmin.com/xmlschemas/ActivityExtension/v2">
              <Watts>92</Watts>
            </TPX>
          </Extensions>
        </Trackpoint>
        <Trackpoint>
          <Time>2026-09-29T11:16:38Z</Time>
          <DistanceMeters>4549.3</DistanceMeters>
          <Cadence>14</Cadence>
          <SensorState>Present</SensorState>
          <Extensions>
            <TPX xmlns="https://www.garmin.com/xmlschemas/ActivityExtension/v2">
              <Watts>88</Watts>
            </TPX>
          </Extensions>
        </Trackpoint>
        <Trackpoint>
          <Time>2026-09-29T11:16:42Z</Time>
          <DistanceMeters>4563.4</DistanceMeters>
          <Cadence>14</Cadence>
          <SensorState>Present</SensorState>
          <Extensions>
            <TPX xmlns="https://www.garmin.com/xmlschemas/ActivityExtension/v2">
              <Watts>88</Watts>
            </TPX>
          </Extensions>
        </Trackpoint>
        <Trackpoint>
          <Time>2026-09-29T11:16:47Z</Time>
          <DistanceMeters>4577.6</DistanceMeters>
          <Cadence>13</Cadence>
          <SensorState>Present</SensorState>
          <Extensions>
            <TPX xmlns="https://www.garmin.com/xmlschemas/ActivityExtension/v2">
              <Watts>86</Watts>
            </TPX>
          </Extensions>
        </Trackpoint>
        <Trackpoint>
          <Time>2026-09-29T11:16:51Z</Time>
          <DistanceMeters>4591.9</DistanceMeters>
          <Cadence>13</Cadence>
          <SensorState>Present</SensorState>
          <Extensions>
            <TPX xmlns="https://www.garmin.com/xmlschemas/ActivityExtension/v2">
              <Watts>85</Watts>
            </TPX>
          </Extensions>
        </Trackpoint>
        <Trackpoint>
          <Time>2026-09-29T11:16:56Z</Time>
          <DistanceMeters>4607.1</DistanceMeters>
          <Cadence>13</Cadence>
          <SensorState>Present</SensorState>
          <Extensions>
            <TPX xmlns="https://www.garmin.com/xmlschemas/ActivityExtension/v2">
              <Watts>89</Watts>
            </TPX>
          </Extensions>
        </Trackpoint>
        <Trackpoint>
          <Time>2026-09-29T11:17:01Z</Time>
          <DistanceMeters>4621.2</DistanceMeters>
          <Cadence>13</Cadence>
          <SensorState>Present</SensorState>
          <Extensions>
            <TPX xmlns="https://www.garmin.com/xmlschemas/ActivityExtension/v2">
              <Watts>86</Watts>
            </TPX>
          </Extensions>
        </Trackpoint>
        <Trackpoint>
          <Time>2026-09-29T11:17:05Z</Time>
          <DistanceMeters>4636</DistanceMeters>
          <Cadence>13</Cadence>
          <SensorState>Present</SensorState>
          <Extensions>
            <TPX xmlns="https://www.garmin.com/xmlschemas/ActivityExtension/v2">
              <Watts>82</Watts>
            </TPX>
          </Extensions>
        </Trackpoint>
        <Trackpoint>
          <Time>2026-09-29T11:17:10Z</Time>
          <DistanceMeters>4650</DistanceMeters>
          <Cadence>14</Cadence>
          <SensorState>Present</SensorState>
          <Extensions>
            <TPX xmlns="https://www.garmin.com/xmlschemas/ActivityExtension/v2">
              <Watts>97</Watts>
            </TPX>
          </Extensions>
        </Trackpoint>
        <Trackpoint>
          <Time>2026-09-29T11:17:14Z</Time>
          <DistanceMeters>4665.5</DistanceMeters>
          <Cadence>12</Cadence>
          <SensorState>Present</SensorState>
          <Extensions>
            <TPX xmlns="https://www.garmin.com/xmlschemas/ActivityExtension/v2">
              <Watts>95</Watts>
            </TPX>
          </Extensions>
        </Trackpoint>
        <Trackpoint>
          <Time>2026-09-29T11:17:19Z</Time>
          <DistanceMeters>4679.4</DistanceMeters>
          <Cadence>12</Cadence>
          <SensorState>Present</SensorState>
          <Extensions>
            <TPX xmlns="https://www.garmin.com/xmlschemas/ActivityExtension/v2">
              <Watts>95</Watts>
            </TPX>
          </Extensions>
        </Trackpoint>
        <Trackpoint>
          <Time>2026-09-29T11:17:23Z</Time>
          <DistanceMeters>4693.3</DistanceMeters>
          <Cadence>14</Cadence>
          <SensorState>Present</SensorState>
          <Extensions>
            <TPX xmlns="https://www.garmin.com/xmlschemas/ActivityExtension/v2">
              <Watts>97</Watts>
            </TPX>
          </Extensions>
        </Trackpoint>
        <Trackpoint>
          <Time>2026-09-29T11:17:28Z</Time>
          <DistanceMeters>4708.1</DistanceMeters>
          <Cadence>13</Cadence>
          <SensorState>Present</SensorState>
          <Extensions>
            <TPX xmlns="https://www.garmin.com/xmlschemas/ActivityExtension/v2">
              <Watts>83</Watts>
            </TPX>
          </Extensions>
        </Trackpoint>
        <Trackpoint>
          <Time>2026-09-29T11:17:33Z</Time>
          <DistanceMeters>4723</DistanceMeters>
          <Cadence>13</Cadence>
          <SensorState>Present</SensorState>
          <Extensions>
            <TPX xmlns="https://www.garmin.com/xmlschemas/ActivityExtension/v2">
              <Watts>84</Watts>
            </TPX>
          </Extensions>
        </Trackpoint>
        <Trackpoint>
          <Time>2026-09-29T11:17:37Z</Time>
          <DistanceMeters>4736.8</DistanceMeters>
          <Cadence>14</Cadence>
          <SensorState>Present</SensorState>
          <Extensions>
            <TPX xmlns="https://www.garmin.com/xmlschemas/ActivityExtension/v2">
              <Watts>92</Watts>
            </TPX>
          </Extensions>
        </Trackpoint>
        <Trackpoint>
          <Time>2026-09-29T11:17:41Z</Time>
          <DistanceMeters>4749.6</DistanceMeters>
          <Cadence>14</Cadence>
          <SensorState>Present</SensorState>
          <Extensions>
            <TPX xmlns="https://www.garmin.com/xmlschemas/ActivityExtension/v2">
              <Watts>91</Watts>
            </TPX>
          </Extensions>
        </Trackpoint>
        <Trackpoint>
          <Time>2026-09-29T11:17:45Z</Time>
          <DistanceMeters>4761.7</DistanceMeters>
          <Cadence>16</Cadence>
          <SensorState>Present</SensorState>
          <Extensions>
            <TPX xmlns="https://www.garmin.com/xmlschemas/ActivityExtension/v2">
              <Watts>91</Watts>
            </TPX>
          </Extensions>
        </Trackpoint>
        <Trackpoint>
          <Time>2026-09-29T11:17:49Z</Time>
          <DistanceMeters>4776</DistanceMeters>
          <Cadence>13</Cadence>
          <SensorState>Present</SensorState>
          <Extensions>
            <TPX xmlns="https://www.garmin.com/xmlschemas/ActivityExtension/v2">
              <Watts>88</Watts>
            </TPX>
          </Extensions>
        </Trackpoint>
        <Trackpoint>
          <Time>2026-09-29T11:17:53Z</Time>
          <DistanceMeters>4789.6</DistanceMeters>
          <Cadence>14</Cadence>
          <SensorState>Present</SensorState>
          <Extensions>
            <TPX xmlns="https://www.garmin.com/xmlschemas/ActivityExtension/v2">
              <Watts>90</Watts>
            </TPX>
          </Extensions>
        </Trackpoint>
        <Trackpoint>
          <Time>2026-09-29T11:17:58Z</Time>
          <DistanceMeters>4803.2</DistanceMeters>
          <Cadence>14</Cadence>
          <SensorState>Present</SensorState>
          <Extensions>
            <TPX xmlns="https://www.garmin.com/xmlschemas/ActivityExtension/v2">
              <Watts>91</Watts>
            </TPX>
          </Extensions>
        </Trackpoint>
        <Trackpoint>
          <Time>2026-09-29T11:18:02Z</Time>
          <DistanceMeters>4816.8</DistanceMeters>
          <Cadence>14</Cadence>
          <SensorState>Present</SensorState>
          <Extensions>
            <TPX xmlns="https://www.garmin.com/xmlschemas/ActivityExtension/v2">
              <Watts>89</Watts>
            </TPX>
          </Extensions>
        </Trackpoint>
        <Trackpoint>
          <Time>2026-09-29T11:18:06Z</Time>
          <DistanceMeters>4829.6</DistanceMeters>
          <Cadence>15</Cadence>
          <SensorState>Present</SensorState>
          <Extensions>
            <TPX xmlns="https://www.garmin.com/xmlschemas/ActivityExtension/v2">
              <Watts>91</Watts>
            </TPX>
          </Extensions>
        </Trackpoint>
        <Trackpoint>
          <Time>2026-09-29T11:18:10Z</Time>
          <DistanceMeters>4842.5</DistanceMeters>
          <Cadence>15</Cadence>
          <SensorState>Present</SensorState>
          <Extensions>
            <TPX xmlns="https://www.garmin.com/xmlschemas/ActivityExtension/v2">
              <Watts>92</Watts>
            </TPX>
          </Extensions>
        </Trackpoint>
        <Trackpoint>
          <Time>2026-09-29T11:18:14Z</Time>
          <DistanceMeters>4854.7</DistanceMeters>
          <Cadence>16</Cadence>
          <SensorState>Present</SensorState>
          <Extensions>
            <TPX xmlns="https://www.garmin.com/xmlschemas/ActivityExtension/v2">
              <Watts>95</Watts>
            </TPX>
          </Extensions>
        </Trackpoint>
        <Trackpoint>
          <Time>2026-09-29T11:18:18Z</Time>
          <DistanceMeters>4869.1</DistanceMeters>
          <Cadence>14</Cadence>
          <SensorState>Present</SensorState>
          <Extensions>
            <TPX xmlns="https://www.garmin.com/xmlschemas/ActivityExtension/v2">
              <Watts>89</Watts>
            </TPX>
          </Extensions>
        </Trackpoint>
        <Trackpoint>
          <Time>2026-09-29T11:18:22Z</Time>
          <DistanceMeters>4882.4</DistanceMeters>
          <Cadence>14</Cadence>
          <SensorState>Present</SensorState>
          <Extensions>
            <TPX xmlns="https://www.garmin.com/xmlschemas/ActivityExtension/v2">
              <Watts>85</Watts>
            </TPX>
          </Extensions>
        </Trackpoint>
        <Trackpoint>
          <Time>2026-09-29T11:18:28Z</Time>
          <DistanceMeters>4898.7</DistanceMeters>
          <Cadence>11</Cadence>
          <SensorState>Present</SensorState>
          <Extensions>
            <TPX xmlns="https://www.garmin.com/xmlschemas/ActivityExtension/v2">
              <Watts>72</Watts>
            </TPX>
          </Extensions>
        </Trackpoint>
        <Trackpoint>
          <Time>2026-09-29T11:18:32Z</Time>
          <DistanceMeters>4910.3</DistanceMeters>
          <Cadence>16</Cadence>
          <SensorState>Present</SensorState>
          <Extensions>
            <TPX xmlns="https://www.garmin.com/xmlschemas/ActivityExtension/v2">
              <Watts>82</Watts>
            </TPX>
          </Extensions>
        </Trackpoint>
        <Trackpoint>
          <Time>2026-09-29T11:18:36Z</Time>
          <DistanceMeters>4923.2</DistanceMeters>
          <Cadence>16</Cadence>
          <SensorState>Present</SensorState>
          <Extensions>
            <TPX xmlns="https://www.garmin.com/xmlschemas/ActivityExtension/v2">
              <Watts>82</Watts>
            </TPX>
          </Extensions>
        </Trackpoint>
        <Trackpoint>
          <Time>2026-09-29T11:18:40Z</Time>
          <DistanceMeters>4935.9</DistanceMeters>
          <Cadence>16</Cadence>
          <SensorState>Present</SensorState>
          <Extensions>
            <TPX xmlns="https://www.garmin.com/xmlschemas/ActivityExtension/v2">
              <Watts>86</Watts>
            </TPX>
          </Extensions>
        </Trackpoint>
        <Trackpoint>
          <Time>2026-09-29T11:18:45Z</Time>
          <DistanceMeters>4949.9</DistanceMeters>
          <Cadence>13</Cadence>
          <SensorState>Present</SensorState>
          <Extensions>
            <TPX xmlns="https://www.garmin.com/xmlschemas/ActivityExtension/v2">
              <Watts>82</Watts>
            </TPX>
          </Extensions>
        </Trackpoint>
        <Trackpoint>
          <Time>2026-09-29T11:18:49Z</Time>
          <DistanceMeters>4964.1</DistanceMeters>
          <Cadence>13</Cadence>
          <SensorState>Present</SensorState>
          <Extensions>
            <TPX xmlns="https://www.garmin.com/xmlschemas/ActivityExtension/v2">
              <Watts>86</Watts>
            </TPX>
          </Extensions>
        </Trackpoint>
        <Trackpoint>
          <Time>2026-09-29T11:18:53Z</Time>
          <DistanceMeters>4978.4</DistanceMeters>
          <Cadence>14</Cadence>
          <SensorState>Present</SensorState>
          <Extensions>
            <TPX xmlns="https://www.garmin.com/xmlschemas/ActivityExtension/v2">
              <Watts>105</Watts>
            </TPX>
          </Extensions>
        </Trackpoint>
        <Trackpoint>
          <Time>2026-09-29T11:19:00Z</Time>
          <DistanceMeters>4997.1</DistanceMeters>
          <Cadence>14</Cadence>
          <SensorState>Present</SensorState>
          <Extensions>
            <TPX xmlns="https://www.garmin.com/xmlschemas/ActivityExtension/v2">
              <Watts>105</Watts>
            </TPX>
          </Extensions>
        </Trackpoint>
      </Track>
    </Lap>
  <Creator xsi:type="Device_t">
    <Name>Concept2</Name>
    <ProductID>5</ProductID>
    <Version>
      <VersionMajor>1</VersionMajor>
      <VersionMinor>0</VersionMinor>
      <BuildMajor>1</BuildMajor>
      <BuildMinor>0</BuildMinor>
    </Version>
  </Creator>
</Activity>
</Activities>
<Author xsi:type="Application_t">
  <Name></Name>
  <Build>
    <Version>
      <VersionMajor>1</VersionMajor>
      <VersionMinor>0</VersionMinor>
      <BuildMajor>1</BuildMajor>
      <BuildMinor>0</BuildMinor>
    </Version>
  </Build>
  <LangID>en</LangID>
</Author>
</TrainingCenterDatabase>
